check_point0,check_point1,check_point2,check_point3,check_point4,check_point5,check_point6,check_point7,check_point8,check_point9,check_point10,check_point11,check_point12,check_point13,check_point14,check_point15,check_point16,check_point17,check_point18,check_point19,check_point20,month,day,heat_deg_days_c,total_snow_cm,spd_of_max_gust_kmPerhr,date,sum_checkpointCount
58.0,12.0,4.0,17.0,33.0,49.0,21.0,16.0,16.0,124.8585246923576,7.0,249.56311701354707,58.0,91.0,24.0,3.0,876.6767730996294,17.0,78.0,21.0,6.0,1.0,1.0,23.3,1.8,63.0,2015-01-01,1782.098414805534
75.0,7.0,5.0,15.0,30.0,113.0,27.0,9.0,32.0,2.5356257538078353e-07,11.0,0.0,109.0,177.0,32.0,13.0,780.8212315884609,11.0,57.0,77.0,4.0,1.0,2.0,26.8,0.0,50.0,2015-01-02,1584.8212318420235
79.0,7.0,3.0,7.0,30.0,107.0,36.0,12.0,18.0,0.0,2.0,73.73736905498026,71.0,131.0,33.0,5.0,971.0166691176221,14.0,174.0,40.0,5.0,1.0,3.0,31.1,17.0,41.0,2015-01-03,1818.7540381726023
10.0,1.0,21.0,0.0,10.0,35.0,29.0,1.0,0.0,0.0,0.0,267.0793584026196,6.0,11.0,6.0,1.0,862.9107693365936,1.0,20.0,6.0,0.0,1.0,4.0,20.8,0.4,69.0,2015-01-04,1287.9901277392132
42.0,0.0,2.0,0.0,27.0,90.0,21.0,1.0,1.0,31.017557078670507,6.0,137.50163474777628,0.0,5.0,49.0,20.0,996.4633689125101,0.0,41.0,56.0,10.0,1.0,5.0,29.6,0.0,74.0,2015-01-05,1535.9825607389569
101.0,0.0,1.0,1.0,62.0,153.0,38.0,3.0,22.0,0.0,1.0,331.66869373502686,1.0,12.0,64.0,23.0,1128.6609373075155,29.0,121.0,91.0,5.0,1.0,6.0,31.9,2.2,32.0,2015-01-06,2188.329631042542
121.0,15.0,5.0,3.0,38.0,144.0,35.0,1.0,43.0,11.74872857122773,0.0,30.339942093467016,11.0,24.0,40.0,3.0,1141.0161331539014,5.0,120.0,63.0,4.0,1.0,7.0,35.7,3.8,48.0,2015-01-07,1858.104803818596
70.0,0.0,36.0,0.0,39.0,139.0,36.0,4.0,55.0,59.71237782881326,0.0,36.03447615881487,38.0,67.0,21.0,7.0,1066.4140910726117,1.0,83.0,78.0,2.0,1.0,8.0,35.5,2.2,50.0,2015-01-08,1838.1609450602398
88.0,3.0,5.0,0.0,55.0,135.0,26.0,12.0,46.0,8.165178967156407,1.0,325.9278750594435,26.0,63.0,14.0,10.0,1101.9334259205764,1.0,166.0,79.0,1.0,1.0,9.0,28.4,2.6,57.0,2015-01-09,2167.026479947176
29.0,7.0,6.0,0.0,24.0,70.0,17.0,3.0,20.0,13.350142671729373,0.0,218.2174727877582,15.0,29.0,0.0,7.0,943.5281945803034,0.0,32.0,41.0,1.0,1.0,10.0,29.2,0.4,50.0,2015-01-10,1476.095810039791
66.0,4.0,2.0,4.0,16.0,89.0,27.0,3.0,15.0,1.2256214176886715e-07,0.0,0.0,20.0,27.0,11.0,5.0,998.4408635140085,0.0,38.0,32.0,2.0,1.0,11.0,26.2,0.0,37.0,2015-01-11,1359.4408636365706
183.0,4.0,4.0,16.0,86.0,323.0,62.0,7.0,62.0,0.0,0.0,1.2509644875535741e-08,17.0,99.0,63.0,22.0,1366.994968192559,0.0,84.0,157.0,15.0,1.0,12.0,27.4,4.2,41.0,2015-01-12,2570.9949682050687
183.0,2.0,9.0,17.0,75.0,250.0,41.0,9.0,77.0,15.254036139813707,7.0,0.0,10.0,115.0,15.0,26.0,1226.5168986041713,0.0,72.0,137.0,20.0,1.0,13.0,38.1,0.0,31.0,2015-01-13,2306.770934743985
183.0,2.0,6.0,33.0,84.0,276.0,48.0,16.0,81.0,8.153787780685434,3.0,0.0,7.0,166.0,19.0,39.0,1240.185973551318,0.0,98.0,153.0,11.0,1.0,14.0,36.9,0.0,31.0,2015-01-14,2473.3397613320035
183.0,1.0,7.0,32.0,86.0,297.0,52.0,17.0,59.0,0.0,0.0,4.3655745685100555e-11,9.0,198.0,28.0,25.0,1143.8128683337168,0.0,62.0,189.0,8.0,1.0,15.0,30.8,0.8,35.0,2015-01-15,2396.8128683337604
177.0,5.0,2.0,7.0,108.0,280.0,50.0,14.0,62.0,7.305607141461223e-08,4.0,534.6835680909774,15.0,199.0,28.0,23.0,1177.8084866840245,0.0,92.0,133.0,8.0,1.0,16.0,29.3,1.4,61.0,2015-01-16,2919.4920548480577
48.0,2.0,0.0,0.0,46.0,75.0,22.0,3.0,10.0,0.0,0.0,544.0222177649641,1.0,83.0,5.0,9.0,914.2307235191251,0.0,36.0,24.0,0.0,1.0,17.0,37.4,0.0,32.0,2015-01-17,1822.2529412840893
84.0,1.0,4.0,2.0,52.0,108.0,34.0,6.0,17.0,9.642793325213006,1.0,379.1480021987229,2.0,127.0,22.0,16.0,910.3081783759529,0.0,30.0,46.0,5.0,1.0,18.0,24.3,4.4,41.0,2015-01-18,1856.0989738998887
256.0,1.0,1.0,14.0,130.0,321.0,65.0,6.0,55.0,6.555220111576091,0.0,348.82406030327184,15.0,245.0,86.0,37.0,1235.9985049187594,0.0,167.0,178.0,11.0,1.0,19.0,24.1,1.0,50.0,2015-01-19,3179.3777853336073
262.0,3.0,6.0,20.0,134.0,302.0,47.0,21.0,58.0,18.6006628498576,3.0,289.14159019449653,76.0,243.0,70.0,32.0,1281.932925304016,0.0,201.0,164.0,23.0,1.0,20.0,34.0,0.0,44.0,2015-01-20,3254.67517834837
242.0,2.0,4.0,36.0,154.0,328.0,41.0,13.0,70.0,0.0,4.0,432.2975105504213,117.0,280.0,64.0,32.0,1304.8301030970767,2.0,221.0,188.0,32.0,1.0,21.0,33.7,0.0,31.0,2015-01-21,3567.127613647498
278.0,17.0,5.0,52.0,185.0,382.0,52.0,35.0,63.0,6.817915623711087,3.0,467.12147985102297,137.0,313.0,103.0,49.0,1326.4155555945329,1.0,221.0,245.0,43.0,1.0,22.0,31.7,0.0,31.0,2015-01-22,3984.3549510692665
307.0,8.0,7.0,45.0,196.0,355.0,50.0,22.0,62.0,1.2758846423821524e-07,2.0,718.0815707229458,135.0,332.0,123.0,56.0,1204.0303101677923,0.0,179.0,206.0,26.0,1.0,23.0,24.3,0.0,56.0,2015-01-23,4033.1118810183266
163.0,1.0,5.0,14.0,104.0,170.0,33.0,6.0,14.0,26.43672585863169,5.0,460.72805590543294,124.0,200.0,40.0,15.0,1058.057276376974,0.0,136.0,82.0,13.0,1.0,24.0,19.8,0.4,39.0,2015-01-24,2670.2220581410384
81.0,0.0,1.0,6.0,61.0,95.0,17.0,7.0,11.0,13.067738279445166,0.0,327.6973789267622,65.0,157.0,34.0,8.0,962.5631690672978,0.0,133.0,50.0,16.0,1.0,25.0,27.7,0.0,52.0,2015-01-25,2045.3282862735052
234.0,3.0,6.0,36.0,157.0,340.0,32.0,24.0,50.0,0.0,2.0,315.7228384661189,116.0,310.0,108.0,47.0,1353.583072446098,2.0,258.0,194.0,44.0,1.0,26.0,36.1,0.0,48.0,2015-01-26,3632.305910912217
276.0,1.0,2.0,51.0,165.0,320.0,57.0,20.0,64.0,0.6518768623491269,1.0,329.77692012724447,135.0,276.0,99.0,46.0,1298.4630111999054,3.0,263.0,205.0,43.0,1.0,27.0,30.9,1.2542654350630755,31.0,2015-01-27,3655.891808189499
335.0,0.0,12.0,51.0,178.0,384.0,60.0,16.0,45.0,1.3218952172965146,0.0,301.89805549583207,118.0,338.0,106.0,49.0,1366.1501475282867,10.0,244.0,210.0,36.0,1.0,28.0,29.9,0.0,31.0,2015-01-28,3861.3700982414152
327.0,10.0,38.0,65.0,207.0,437.0,66.0,19.0,48.0,0.0,3.0,547.347893382133,156.0,386.0,139.0,48.0,1369.272349752459,11.0,245.0,231.0,34.0,1.0,29.0,26.2,3.4,46.0,2015-01-29,4386.620243134592
181.0,1.0,3.0,9.0,132.0,294.0,57.0,15.0,47.0,25.263366412660616,1.0,462.1166425755184,99.0,233.0,98.0,23.0,1237.0699801423884,7.0,155.0,145.0,11.0,1.0,30.0,28.4,4.8,39.0,2015-01-30,3235.4499891305677
65.0,3.0,0.0,2.0,35.0,95.0,20.0,8.0,5.0,87.42926488683179,1.0,41.8881773235903,57.0,115.0,16.0,8.0,1071.3313593943794,3.0,141.0,38.0,3.0,1.0,31.0,36.8,0.0,41.0,2015-01-31,1815.6488016048015
54.0,2.0,2.0,6.0,32.0,67.0,18.0,13.0,13.0,55.159256859322795,1.0,183.31867857956195,49.0,127.0,17.0,5.0,941.2878711942383,6.0,124.0,27.0,3.0,2.0,1.0,35.2,0.0,35.0,2015-02-01,1745.765806633123
127.0,0.0,53.0,10.0,70.0,182.0,48.0,12.0,43.0,0.0,0.0,230.6736601217217,57.0,144.0,39.0,4.0,1382.5250213147783,6.0,529.0,94.0,12.0,2.0,2.0,37.9,6.8,56.0,2015-02-02,3043.1986814365
203.0,0.0,45.0,26.0,93.0,273.0,63.0,10.0,46.0,4.524767816113126,0.0,45.70757036792156,65.0,190.0,33.0,16.0,1554.8447998730958,6.0,550.0,145.0,10.0,2.0,3.0,34.5,0.6,31.0,2015-02-03,3379.0771380571305
263.0,1.0,18.0,12.0,88.0,288.0,57.0,14.0,60.0,0.0,1.0,2.2226686269277707e-08,88.0,231.0,33.0,9.0,1264.7366920367008,23.0,308.0,144.0,10.0,2.0,4.0,24.6,7.0,31.0,2015-02-04,2912.7366920589275
236.0,0.0,85.0,4.0,138.0,280.0,44.0,12.0,32.0,0.0,3.0,407.69132665454686,140.0,293.0,62.0,33.0,1172.1907082691396,19.0,246.0,162.0,13.0,2.0,5.0,32.7,0.2,32.0,2015-02-05,3381.8820349236867
193.0,1.0,36.0,8.0,114.0,261.0,57.0,24.0,36.0,10.022538186110069,0.0,345.41846305842455,82.0,251.0,67.0,17.0,1258.17775152776,15.0,358.0,157.0,15.0,2.0,6.0,35.1,2.4,31.0,2015-02-06,3305.6187527722946
79.0,3.0,1.0,1.0,48.0,106.0,18.0,2.0,14.0,10.28616266696281,0.0,248.70957633915123,43.0,104.0,26.0,10.0,1013.4890792105634,8.0,118.0,54.0,4.0,2.0,7.0,33.2,0.2,33.0,2015-02-07,1911.4848182166775
36.0,3.0,0.0,0.0,10.0,57.0,11.0,2.0,5.0,39.421227284703946,0.0,69.96031128711184,19.0,51.0,9.0,0.0,1117.7937009275981,2.0,299.0,24.0,1.0,2.0,8.0,34.2,8.6,65.0,2015-02-08,1756.175239499414
120.0,3.0,13.0,0.0,63.0,205.0,52.0,0.0,40.0,31.884475250767537,0.0,31.98296439277965,52.0,174.0,54.0,4.0,1173.134744159095,2.0,273.0,134.0,5.0,2.0,9.0,31.7,0.4,59.0,2015-02-09,2431.0021838026423
260.0,2.0,8.0,0.0,156.0,333.0,58.0,0.0,42.0,7.108565114322118e-08,0.0,372.06724680588195,117.0,234.0,95.0,42.0,1592.9908441647558,0.0,454.0,183.0,47.0,2.0,10.0,29.0,0.2,32.0,2015-02-10,3996.0580910417234
300.0,0.0,7.0,0.0,166.0,350.0,73.0,0.0,64.0,21.625504324797475,3.0,443.1628851736202,134.0,248.0,105.0,28.0,1447.4201216254223,0.0,343.0,194.0,24.0,2.0,11.0,32.3,2.2,33.0,2015-02-11,3951.2085111238403
226.0,15.0,16.0,1.0,94.0,289.0,48.0,0.0,48.0,2.2711856217938475e-07,0.0,1.4288161764852703e-08,112.0,210.0,86.0,18.0,1270.3408599935942,8.0,275.0,158.0,14.0,2.0,12.0,30.8,5.0,43.0,2015-02-12,2888.340860235001
163.0,3.0,37.0,3.0,96.0,218.0,36.0,13.0,42.0,9.580633513397515,0.0,396.0545576112793,47.0,159.0,79.0,12.0,1122.6792537537622,68.0,213.0,129.0,8.0,2.0,13.0,38.9,0.0,43.0,2015-02-13,2854.3144448784387
53.0,0.0,13.0,1.0,33.0,79.0,12.0,5.0,5.0,2.8716348294396994,0.0,284.5370655820484,20.0,92.0,16.0,2.0,931.2268571837222,24.0,78.0,28.0,4.0,2.0,14.0,35.4,1.2,50.0,2015-02-14,1683.6355575952102
68.0,0.0,5.0,0.0,34.0,103.0,19.0,2.0,6.0,62.16849501203842,2.0,49.83141307546475,41.0,505.0,19.0,3.0,579.891261978773,11.0,48.0,29.0,7.0,2.0,15.0,35.9,0.0,57.0,2015-02-15,1593.8911700662761
193.0,0.0,11.0,11.0,103.0,231.0,47.0,13.0,45.0,14.395898623163703,0.0,261.0506825749999,62.0,211.0,82.0,32.0,1109.1769996283047,39.0,132.0,119.0,24.0,2.0,16.0,38.2,0.0,50.0,2015-02-16,2739.6235808264682
250.0,0.0,43.0,29.0,117.0,270.0,63.0,14.0,55.0,134.8071625806624,0.0,57.368798263590634,92.0,251.0,91.0,34.0,1087.6078221211071,76.0,133.0,175.0,28.0,2.0,17.0,36.6,0.0,31.0,2015-02-17,3000.78378296536
261.0,0.0,19.0,30.0,169.0,322.0,71.0,18.0,45.0,0.0,3.0,714.4907816227251,126.0,255.0,105.0,24.0,1139.0479678832255,85.0,214.0,211.0,31.0,2.0,18.0,32.3,0.2,31.0,2015-02-18,3842.5387495059504
224.0,0.0,12.0,8.0,69.0,236.0,57.0,11.0,38.0,0.0,1.0,1.8009814084507525e-08,59.0,215.0,86.0,0.0,1016.3544315861209,12.0,225.0,146.0,14.0,2.0,19.0,31.3,6.0,57.0,2015-02-19,2429.3544316041307
137.0,0.0,10.0,0.0,65.0,181.0,34.0,6.0,30.0,9.501369124389385,0.0,222.39510912426567,17.0,91.0,30.0,3.0,1140.126092206027,2.0,124.0,96.0,15.0,2.0,20.0,35.1,1.6,59.0,2015-02-20,2213.022570454682
59.0,0.0,10.0,0.0,43.0,89.0,17.0,2.0,2.0,5.100562557525336,3.0,355.7706936347813,23.0,55.0,4.0,4.0,998.8374825473772,16.0,91.0,46.0,6.0,2.0,21.0,30.6,4.0,31.0,2015-02-21,1829.708738739684
94.0,0.0,0.0,0.0,52.0,84.0,8.0,0.0,0.0,1.7491807328069626,0.0,432.47173431680267,23.0,63.0,22.0,3.0,1028.680507745663,10.0,126.0,25.0,3.0,2.0,22.0,25.6,1.2,50.0,2015-02-22,1975.9014227952725
170.0,0.0,0.0,0.0,112.0,238.0,42.0,0.0,0.0,0.0,0.0,580.807072751353,57.0,221.0,51.0,29.0,1083.4296566111693,0.0,107.0,130.0,4.0,2.0,23.0,35.9,0.0,50.0,2015-02-23,2825.236729362522
241.0,0.0,7.0,0.0,105.0,247.0,56.0,3.0,0.0,56.48725809598773,0.0,63.00044411140061,62.0,255.0,75.0,40.0,1075.5638640879276,2.0,190.0,192.0,8.0,2.0,24.0,35.1,0.0,41.0,2015-02-24,2678.0515662953158
252.0,0.0,20.0,1.0,136.0,301.0,62.0,2.0,0.0,9.969991022036083,0.0,279.08687791953025,84.0,61.0,104.0,40.0,1423.9225549417754,3.0,196.0,196.0,30.0,2.0,25.0,29.1,0.8,31.0,2015-02-25,3200.979423883342
250.0,0.0,4.0,12.0,130.0,261.0,62.0,4.0,0.0,5.8770582488459695,0.0,378.6032979032086,78.0,25.0,90.0,39.0,1405.7676101909553,5.0,223.0,168.0,24.0,2.0,26.0,35.1,0.0,31.0,2015-02-26,3165.24796634301
248.0,0.0,5.0,1.0,162.0,249.0,65.0,14.0,0.0,1.7458796719438396e-07,0.0,950.575107665901,86.0,149.0,99.0,43.0,1255.953517673032,4.0,242.0,140.0,24.0,2.0,27.0,33.7,0.0,46.0,2015-02-27,3737.528625513521
119.0,0.0,2.0,0.0,80.0,119.0,44.0,3.0,0.0,13.816296870020778,0.0,579.102056442965,69.0,144.0,19.0,10.0,1003.7868865844483,6.0,150.0,56.0,6.0,2.0,28.0,29.3,0.0,44.0,2015-02-28,2423.7052398974342
96.0,0.0,0.0,1.0,65.0,110.0,22.0,7.0,0.0,3.975269464717712e-07,0.0,479.0823221320429,56.0,144.0,27.0,8.0,986.2796189569992,6.0,151.0,53.0,9.0,3.0,1.0,28.4,0.2,31.0,2015-03-01,2220.361941486569
222.0,0.0,4.0,16.0,133.0,318.0,51.0,9.0,1.0,1.36717517307261e-07,0.0,399.0011748512295,102.0,228.0,111.0,41.0,1281.8171178499433,18.0,180.0,157.0,24.0,3.0,2.0,25.2,1.0,67.0,2015-03-02,3295.81829283789
274.0,0.0,6.0,29.0,61.0,350.0,61.0,12.0,0.0,50.07349764967876,0.0,1.2857526598963886e-08,106.0,244.0,111.0,47.0,1010.2894812209861,18.0,190.0,187.0,27.0,3.0,3.0,29.4,6.0,43.0,2015-03-03,2783.3629788835224
247.0,0.0,31.0,0.0,110.52168928014652,317.0,57.0,7.0,1.0,7.354265108006075e-08,0.0,175.91647192602113,139.0,285.0,102.0,21.0,1142.5247011521933,5.0,137.0,143.0,24.0,3.0,4.0,20.0,0.0,61.0,2015-03-04,2944.962862431904
281.0,0.0,63.0,0.0,138.05201204534688,343.0,68.0,14.0,29.0,4.9788013711804524e-08,0.0,191.22080685431138,120.0,328.0,117.0,52.0,1186.1505393259197,37.0,217.0,192.0,35.0,3.0,5.0,30.2,0.6,41.0,2015-03-05,3411.423358275366
192.0,0.0,6.0,2.0,104.77259385051508,283.0,74.0,7.0,11.0,7.919243216747418e-08,0.0,202.05322421081655,107.0,277.0,95.0,39.0,1238.7609191188271,56.0,308.0,148.0,48.0,3.0,6.0,31.8,0.0,50.0,2015-03-06,3198.586737259351
98.0,0.0,6.0,7.0,53.287861869219455,140.0,29.0,5.0,8.0,5.687661541742273e-08,0.0,191.9659973132716,101.0,184.0,33.0,14.0,1138.8524821408662,58.0,329.0,52.0,10.0,3.0,7.0,25.8,0.4,41.0,2015-03-07,2458.106341380234
83.0,0.0,1.0,3.0,38.56680076877814,139.0,26.0,5.0,4.0,3.577770257834345e-08,0.0,157.95646449236392,71.0,157.0,21.0,8.0,1018.5582765188337,64.0,161.0,47.0,5.0,3.0,8.0,21.4,0.8,37.0,2015-03-08,2010.0815418157536
350.0,0.0,12.0,6.0,173.05148287142168,475.0,74.0,12.0,18.0,0.0,0.0,185.61008665030295,220.0,442.0,143.0,62.0,1237.6299832701593,175.0,299.0,281.0,57.0,3.0,9.0,18.5,1.8,52.0,2015-03-09,4222.291552791884
516.0,0.0,15.0,61.0,245.03294553699817,757.0,149.0,23.0,36.0,5.569972927332856e-08,0.0,145.00638982939472,294.0,541.0,180.0,78.0,1603.8119787335393,309.0,469.0,433.0,68.0,3.0,10.0,16.1,0.0,33.0,2015-03-10,5922.851314155631
692.0,0.0,26.0,214.0,323.5492906339894,888.0,230.0,22.0,69.0,5.237507139099762e-08,0.0,229.2400371727258,489.0,718.0,237.0,102.0,1505.6767829866685,384.0,574.0,505.0,93.0,3.0,11.0,14.2,0.0,54.0,2015-03-11,7301.466110845759
481.0,0.0,31.0,219.0,255.22963746798666,762.0,123.0,19.0,35.0,6.20611899648793e-08,2.0,243.97115764163118,326.0,618.0,183.0,63.0,1428.157959214375,330.0,485.0,449.0,66.0,3.0,12.0,22.6,0.0,57.0,2015-03-12,6119.358754386054
401.0,0.0,35.0,199.0,222.3526984277791,610.0,156.0,27.0,44.0,6.005166142131202e-08,1.0,253.13364472067406,328.0,535.0,168.0,63.0,1219.0641143226455,315.0,480.0,392.0,56.0,3.0,13.0,24.0,0.0,31.0,2015-03-13,5504.550457531151
156.0,0.0,17.0,56.0,89.91187947107562,249.0,70.0,12.0,18.0,0.0,0.0,216.6003898517165,190.0,279.0,42.0,12.0,992.8740481145592,124.0,276.0,151.0,14.0,3.0,14.0,19.5,7.4,44.0,2015-03-14,2965.3863174373514
100.0,0.0,17.0,0.0,38.145261753370136,95.0,17.0,1.0,0.0,0.0,0.0,185.13490312195108,66.0,100.0,26.0,6.0,914.4520488111006,19.0,64.0,34.0,5.0,3.0,15.0,22.1,2.0,54.0,2015-03-15,1687.7322136864218
327.0,0.0,27.0,1.0,169.9528574738789,483.0,84.0,7.0,1.0,6.377058525686152e-08,0.0,164.14539093917028,217.0,354.0,139.0,46.0,1383.1133885239058,77.0,288.0,285.0,23.0,3.0,16.0,22.6,0.0,31.0,2015-03-16,4076.211637000725
360.0,0.0,10.0,79.0,176.0134626531833,516.0,93.0,9.0,1.0,0.0,0.0,231.5873766285804,227.0,409.0,144.0,53.0,1256.3537392678882,182.0,336.0,309.0,32.0,3.0,17.0,21.2,1.8,72.0,2015-03-17,4423.954578549652
377.0,0.0,5.0,103.0,192.2307058905368,532.0,101.0,14.0,0.0,6.703612598357722e-08,0.0,226.80723006951666,241.0,463.0,134.0,57.0,1200.2579720205804,136.0,286.0,342.0,46.0,3.0,18.0,26.5,0.0,57.0,2015-03-18,4456.29590804767
435.0,0.0,1.0,0.0,202.02152296632494,608.0,115.0,19.0,1.0,6.429354471038096e-08,0.0,193.14948145560265,236.0,465.0,163.0,68.0,1406.8701614886363,224.0,385.0,367.0,38.0,3.0,19.0,25.4,0.0,50.0,2015-03-19,4927.041165974857
523.0,0.0,1.0,0.0,231.03228779150737,686.0,156.0,27.0,12.0,5.5631971918046474e-08,0.0,159.92687163264418,385.0,521.0,159.0,71.0,1450.7018626872905,279.0,387.0,381.0,47.0,3.0,20.0,21.4,0.0,32.0,2015-03-20,5476.661022167074
202.0,0.0,0.0,0.0,75.72493211972113,204.0,51.0,5.0,6.0,0.0,0.0,218.15264639625684,140.0,247.0,48.0,17.0,963.696608110615,119.0,199.0,88.0,16.0,3.0,21.0,22.3,3.8,67.0,2015-03-21,2599.574186626593
110.0,0.0,1.0,0.0,45.55007070323094,107.0,24.0,1.0,2.0,1.3404587662080303e-08,0.0,191.79773206110121,87.0,180.0,35.0,7.0,950.2925350380356,70.0,150.0,21.0,13.0,3.0,22.0,30.2,1.3317242153659663,31.0,2015-03-22,1995.6403378157725
342.0,0.0,0.0,0.0,165.2489255562537,420.0,86.0,18.0,5.0,6.795835361117497e-08,0.0,228.3606259438402,199.0,387.0,160.0,59.0,1208.985287825008,171.0,342.0,263.0,48.0,3.0,23.0,29.0,0.0,46.0,2015-03-23,4102.59483939306
536.0,0.0,4.0,0.0,259.1797937775131,731.0,141.0,45.0,0.0,5.5233158491319045e-08,0.0,194.9148829896635,487.0,581.0,201.0,74.0,1516.9030888317066,281.0,460.0,409.0,50.0,3.0,24.0,24.7,0.0,31.0,2015-03-24,5970.997765654116
658.0,0.0,1.0,0.0,314.55274356646134,906.0,230.0,37.0,0.0,5.090578270028345e-08,0.0,240.09962211169568,470.0,772.0,265.0,70.0,1455.181666855467,374.0,571.0,579.0,72.0,3.0,25.0,18.9,0.0,48.0,2015-03-25,7014.834032584529
530.0,0.0,10.0,0.0,269.28459134435735,841.0,197.0,36.0,0.0,5.191714080865495e-08,0.0,215.77791607096515,364.0,646.0,209.0,18.0,1433.2795723079917,372.0,484.0,561.0,82.0,3.0,26.0,14.8,0.0,46.0,2015-03-26,6268.3420797752315
502.0,0.0,9.0,0.0,220.97522043930286,643.0,147.0,42.0,0.0,0.0,0.0,227.98708914020017,340.0,613.0,182.0,14.0,1320.490598403271,284.0,502.0,363.0,46.0,3.0,27.0,19.7,3.6,35.0,2015-03-27,5456.452907982774
313.0,0.0,8.0,54.0,150.71896843033176,384.0,78.0,19.0,0.0,5.839774530613795e-08,3.0,253.5696280247421,354.0,503.0,109.0,2.0,1045.6018958180448,211.0,385.0,184.0,22.0,3.0,28.0,23.6,0.0,37.0,2015-03-28,4078.8904923315163
375.0,0.0,13.0,0.0,171.15864963066394,484.0,123.0,35.0,0.0,5.597348717856221e-08,3.0,242.61194885647728,421.0,570.0,127.0,3.0,1146.1379153345572,256.0,419.0,213.0,22.0,3.0,29.0,21.3,0.0,44.0,2015-03-29,4623.908513877672
439.0,0.0,21.0,156.0,226.68162906407946,637.0,141.0,47.0,0.0,1.2395048543112352e-08,1.0,276.5587227387123,304.0,531.0,187.0,25.0,1304.35707261774,251.0,512.0,410.0,58.0,3.0,30.0,16.3,1.0,59.0,2015-03-30,5527.597424432926
729.0,0.0,20.0,449.0,380.56062120835514,1074.0,242.0,101.0,0.0,4.410912879393436e-08,9.0,386.2490863702194,593.0,1018.0,306.0,3.0,1258.6860915045095,412.0,698.0,664.0,91.0,3.0,31.0,19.4,0.0,44.0,2015-03-31,8434.495799127193
989.0,0.0,281.0,594.0,572.104223718583,1380.0,272.0,148.0,446.0,4.038292900077067e-08,16.0,451.95582884555074,763.0,1197.0,343.0,33.0,1656.1329922981429,568.0,853.0,834.0,100.0,4.0,1.0,20.4,0.0,43.0,2015-04-01,11497.19304490266
870.0,0.0,397.0,601.0,645.6367814186192,1429.0,337.0,143.0,825.0,321.2016350395884,38.0,286.34065317385557,807.0,1222.0,396.0,166.61621207214012,2069.2967279284208,707.0,879.0,839.0,162.0,4.0,2.0,14.3,0.0,41.0,2015-04-02,13141.092009632624
993.0,905.0,925.0,520.0,845.4629694369858,1323.0,344.0,199.0,722.0,541.8453433098166,226.0,573.3698348540922,1289.0,1773.0,443.0,51.315511726756995,2474.387624200893,662.0,1002.0,597.0,66.0,4.0,3.0,9.0,0.0,48.0,2015-04-03,16475.381283528543
189.0,156.0,60.0,55.0,164.02685133867942,338.0,78.0,29.0,136.0,0.0,5.0,201.81684508424314,323.0,455.0,65.0,33.66664838518682,1267.3061708190137,140.0,304.0,147.0,18.0,4.0,4.0,17.5,4.4,56.0,2015-04-04,4164.816515627123
228.0,218.0,65.0,114.0,209.49339030677515,379.0,106.0,43.0,234.0,97.18113557721063,19.0,250.2430432828337,365.0,500.0,114.0,34.8061152692062,1350.3407547967392,238.0,381.0,174.0,24.0,4.0,5.0,20.2,0.0,52.0,2015-04-05,5144.064439232765
398.0,282.0,279.0,235.0,364.8330434971062,653.0,175.0,84.0,404.0,239.614052235514,20.0,278.79961785462,468.0,729.0,192.0,57.121837312918615,1651.8353502306925,301.0,509.0,377.0,47.0,4.0,6.0,19.7,0.6,32.0,2015-04-06,7745.203901130852
1294.0,759.0,841.0,873.0,1004.0846339164916,1904.0,400.0,288.0,1075.0,739.8359878320407,67.0,457.5688214585932,1001.0,1443.0,505.0,29.847841438812793,3312.2120431654207,778.0,1116.0,1174.0,136.0,4.0,7.0,17.1,0.0,39.0,2015-04-07,19197.549327811357
1430.0,709.0,985.0,883.0,1010.4277729780808,1883.0,443.0,373.0,1132.0,959.882234970547,29.0,437.51904113000614,772.0,1476.0,580.0,43.768393902967546,3183.080627500432,801.0,1203.0,1173.0,135.0,4.0,8.0,16.6,3.2,39.0,2015-04-08,19641.678070482034
1498.0,831.0,1025.0,882.0,1089.6954930835268,1994.0,486.0,336.0,1172.0,1080.5655210031764,43.0,431.4036899559751,917.0,1664.0,526.0,64.15690711638399,3070.1006055344856,871.0,1057.0,1339.0,165.0,4.0,9.0,14.4,0.0,56.0,2015-04-09,20541.922216693547
795.0,446.0,610.0,382.0,639.1691309553444,1133.0,255.0,165.0,715.0,698.1740629949054,14.0,323.17956702214997,812.0,979.0,271.0,66.28513485700478,2381.855336342488,526.0,773.0,716.0,90.0,4.0,10.0,10.7,0.0,76.0,2015-04-10,12790.66323217189
779.0,831.0,943.0,467.0,688.789545223437,1055.0,316.0,217.0,636.0,632.3900832163217,121.0,525.4002145436912,637.0,1355.0,298.0,59.74120063690407,2437.230970919859,569.0,1011.0,567.0,70.0,4.0,11.0,12.5,0.0,67.0,2015-04-11,14215.552014540215
1699.0,2083.0,2141.0,853.0,1475.2029387886787,1612.0,704.0,667.0,1078.0,2040.411505544802,589.0,1108.8096259169386,2264.0,2500.0,777.0,35.510865147770346,3444.1350147159947,844.0,1630.0,806.0,75.0,4.0,12.0,8.4,0.0,43.0,2015-04-12,28426.069950114183
2990.0,2394.0,3047.0,1768.0,2424.3912002801776,3636.0,1139.0,1182.0,2332.0,3035.7712594892528,439.0,1223.3471273241075,2233.0,3328.0,1522.0,157.53023129718895,5631.768240146676,1521.0,2303.0,2389.0,327.0,4.0,13.0,5.9,0.0,70.0,2015-04-13,45022.808058537405
2890.0,2214.0,2880.0,1694.0,2253.5332204916463,3561.0,1049.0,1028.0,2199.0,2728.5720545416953,306.0,1047.0803524694202,2025.0,3051.0,1274.0,104.44821818057062,5594.518005846714,1584.0,2156.0,2277.0,292.0,4.0,14.0,6.9,0.0,61.0,2015-04-14,42208.15185153005
3449.0,2412.0,3305.0,1720.0,2590.6856895706183,3986.0,1118.0,1283.0,2500.0,3192.1991864964384,483.0,1244.4036891846424,2330.0,3291.0,1551.0,113.81082842791693,6457.8368194738805,1627.0,2615.0,2588.0,297.0,4.0,15.0,10.1,0.0,37.0,2015-04-15,48153.936213153494
3639.0,2656.0,3526.0,1798.0,2734.411708735601,4300.0,1189.0,1269.0,2514.0,2951.4704115660925,496.0,1287.2374652662427,2441.0,3564.0,1599.0,131.65742374446563,6832.629668165412,1762.0,2646.0,2721.0,345.0,4.0,16.0,10.0,0.0,50.0,2015-04-16,50402.40667747782
3320.0,2595.0,3196.0,1580.0,2599.8361510206814,4153.0,1192.0,1091.0,2327.0,2527.7818035838054,436.0,1192.0909193237683,2485.0,3540.0,1495.0,188.5977072950045,6925.745347423704,1745.0,2909.0,2630.0,316.0,4.0,17.0,4.7,0.0,50.0,2015-04-17,48444.051928646964
1225.0,1429.0,1471.0,628.0,1057.2294064689975,1618.0,492.0,384.0,813.0,738.5868097340135,269.0,752.5641371563804,1372.0,1853.0,411.0,27.49167391958781,3695.2323217355834,864.0,1548.0,730.0,76.0,4.0,18.0,11.8,0.0,48.0,2015-04-18,21454.104349014564
2147.0,2663.0,2689.0,1019.0,1886.154773715048,2314.0,873.0,891.0,1302.0,1906.9808846643964,977.0,1503.4670559261663,2659.0,3252.0,1036.0,65.58203942381897,4414.763717761041,1205.0,2043.0,1093.0,101.0,4.0,19.0,11.6,0.0,39.0,2015-04-19,36040.94847149047
1419.0,894.0,1318.0,711.0,1151.2819159355759,1800.0,495.0,524.0,1243.0,1597.566571508989,83.0,597.3308145647839,950.0,1510.0,686.0,120.61465525711992,3299.397761012856,808.0,1287.0,1328.0,200.0,4.0,20.0,10.4,0.0,56.0,2015-04-20,22022.191718279326
1446.0,946.0,1370.0,754.0,1125.7341594965305,1898.0,494.0,409.0,1201.0,2076.532688313827,156.0,0.0,1187.0,1609.0,516.0,59.24903547467056,3862.748412022217,849.0,1442.0,1248.0,137.0,4.0,21.0,9.6,0.0,56.0,2015-04-21,22786.264295307246
2119.0,1292.0,1897.0,713.0,1514.4869643148215,2280.0,708.0,734.0,1595.0,3185.784255654946,152.0,0.0,1364.0,2086.0,896.0,161.22806184136607,4267.478256036998,1184.0,1829.0,1703.0,237.0,4.0,22.0,11.1,0.0,46.0,2015-04-22,29917.97753784813
1670.0,1101.0,1604.0,555.0,1298.7047676962427,2112.0,567.0,513.0,1384.0,1767.6273068581195,136.0,435.0,1183.0,1845.0,673.0,146.80420310879072,4053.018917899749,996.0,1550.0,1404.0,151.0,4.0,23.0,13.9,0.0,56.0,2015-04-23,25145.1551955629
1706.0,1220.0,1689.0,794.0,1375.0712815567213,2183.0,615.0,532.0,1419.0,1719.7930666424718,114.0,670.0,1276.0,1917.0,678.0,125.71906954350834,4197.001117002264,1052.0,1800.0,1473.0,175.0,4.0,24.0,15.5,0.0,44.0,2015-04-24,26730.584534744965
1368.0,1451.0,1532.0,625.0,1145.906070957793,1751.0,515.0,424.0,851.0,882.0559127199731,289.0,734.0,1539.0,1962.0,501.0,39.445006389476475,3944.8391253066775,893.0,1809.0,856.0,72.0,4.0,25.0,11.6,0.0,41.0,2015-04-25,23184.24611537392
1553.0,1888.0,2043.0,821.0,1377.792770071932,1846.0,711.0,507.0,1040.0,1396.4819762454608,523.0,1014.0,1840.0,2241.0,550.0,61.10977262722827,4155.068331264335,998.0,1874.0,920.0,76.0,4.0,26.0,10.2,0.0,32.0,2015-04-26,27435.452850208956
2317.0,1550.0,2196.0,1125.0,1765.9431684108054,2911.0,825.0,749.0,1710.0,1918.1031599095886,244.0,882.0,1591.0,2357.0,1005.0,149.1993364732407,4822.869643265244,1365.0,1970.0,1889.0,213.0,4.0,27.0,8.0,0.0,41.0,2015-04-27,33555.11530805888
4359.0,3320.0,4443.0,2074.0,3348.6977849266214,4881.0,1437.0,1791.0,2920.0,3451.4383446478814,860.0,2453.0,3165.0,4244.0,2194.0,214.11327816966786,7142.09667404887,2419.0,3269.0,3193.0,417.0,4.0,28.0,6.3,0.0,35.0,2015-04-28,61595.34608179304
4237.0,3376.0,4270.0,1978.0,3308.728727003939,4909.0,1499.0,1735.0,2944.0,3342.966715809669,705.0,2182.0,3114.0,4424.0,2236.0,238.33072077210272,7625.8967770900845,2392.0,3560.0,3074.0,408.0,4.0,29.0,6.5,0.0,37.0,2015-04-29,61558.922940675795
4433.0,3408.0,4343.0,2095.0,3367.945468271061,5196.0,1427.0,1690.0,2926.0,3231.224068594529,706.0,2082.0,3131.0,4337.0,2283.0,166.11229035607448,8235.035853700585,2487.0,3699.0,3175.0,390.0,4.0,30.0,6.7,0.0,43.0,2015-04-30,62808.31768092225
4762.0,3902.0,4883.0,1947.0,3656.638590058017,5481.0,1503.0,1744.0,3028.0,3258.9748629515097,917.0,2186.0,3634.0,4643.0,2334.0,209.5004688242525,9336.177163186028,2536.0,3964.0,3249.0,465.0,5.0,1.0,4.5,0.0,31.0,2015-05-01,67639.29108501981
4244.0,4698.0,4789.0,1682.0,3236.3956587287644,4499.0,1609.0,1725.0,1919.0,1617.4772450671362,1529.0,2358.0,3898.0,4993.0,2027.0,100.65473710307833,8858.626681928385,1932.0,4017.0,1746.0,218.0,5.0,2.0,2.5,0.0,35.0,2015-05-02,61696.15432282736
4474.0,4936.0,5247.0,1741.0,3519.9648850880117,4268.0,1470.0,1877.0,2234.0,3310.07397644102,1627.0,2609.0,4924.0,5666.0,2076.0,28.114066756536886,7891.6987317078565,2063.0,3877.0,1870.0,250.0,5.0,3.0,0.2,0.0,35.0,2015-05-03,65958.85165999342
5402.0,4104.0,5244.0,2558.0,3957.027352313564,5934.0,1700.0,2214.0,3383.0,4217.386319643091,1060.0,2349.0,3192.0,4593.0,2845.0,192.54520693839459,9331.247591789175,2775.0,3968.0,3764.0,582.0,5.0,4.0,0.0,0.0,72.0,2015-05-04,73365.20647068422
6394.0,4779.0,6079.0,2954.0,4731.367772961336,7194.0,1909.0,2519.0,3950.0,4465.073071604319,2213.0,3125.0,4097.0,5124.0,3289.0,188.34666454431408,11185.011298989073,3302.0,4342.0,4457.0,630.0,5.0,5.0,3.1,0.0,44.0,2015-05-05,86926.79880809905
6496.0,5067.0,6182.0,2337.0,4787.160219836205,7135.0,1949.0,2640.0,3966.0,4373.80613857494,2293.0,3102.0,3906.0,5936.0,3394.0,304.4431388158582,10798.49594799575,3335.0,4301.0,4396.0,590.0,5.0,6.0,2.0,0.0,44.0,2015-05-06,87288.90544522276
6952.0,5323.0,6449.0,3039.0,4987.785616215012,7407.0,2009.0,2725.0,3977.0,4784.162428933594,2445.0,3156.0,4173.0,5541.0,3564.0,140.54381824626216,11852.273496756818,3451.0,4728.0,4474.0,739.0,5.0,7.0,0.0,0.0,37.0,2015-05-07,91916.76536015168
6837.0,5536.0,6680.0,2682.0,4910.028082050524,7011.0,1896.0,2714.0,3803.0,5277.193996447841,2633.0,2899.0,4277.0,5891.0,3432.0,114.17179616626981,12019.319415915863,3410.0,5151.0,4089.0,653.0,5.0,8.0,0.0,0.0,31.0,2015-05-08,91914.71329058049
2896.0,3316.0,3489.0,1231.0,2463.1727993023546,3626.0,1038.0,1049.0,1595.0,1421.3272839462788,1753.0,1657.0,2914.0,3785.0,1290.0,105.85442025222801,7402.727933440555,1673.0,3018.0,1615.0,242.0,5.0,9.0,0.0,0.0,65.0,2015-05-09,47580.08243694141
2060.0,2250.0,2543.0,965.0,1717.0658047153804,2345.0,788.0,801.0,1124.0,1539.0224452400225,1067.0,1171.0,2146.0,2746.0,959.0,95.95849539651772,4874.562097315329,1141.0,2225.0,1107.0,149.0,5.0,10.0,0.0,0.0,39.0,2015-05-10,33813.60884266725
1490.0,1070.0,1424.0,721.0,1173.458373052562,1872.0,472.0,468.0,1098.0,1571.3242031724212,224.0,529.0,1327.0,1500.0,687.0,65.91787287430179,3739.622173803402,946.0,1512.0,1214.0,125.0,5.0,11.0,7.1,0.0,44.0,2015-05-11,23229.32262290269
3044.0,1987.0,2782.0,1329.0,2325.65715834213,3935.0,1011.0,975.0,2215.0,2303.6687287884797,694.0,1137.0,2160.0,2735.0,1425.0,219.8478474007543,6515.889980302001,1805.0,2474.0,2504.0,268.0,5.0,12.0,2.1,0.0,80.0,2015-05-12,43845.06371483336
5747.0,4293.0,5328.0,2416.0,4312.009972831632,6541.0,1635.0,2313.0,3677.0,4268.216793799559,1794.0,2734.0,3982.0,4991.0,3007.0,172.9795402143427,10082.006546885928,3066.0,4043.0,4136.0,549.0,5.0,13.0,5.9,0.0,41.0,2015-05-13,79087.21285373146
6505.0,4732.0,5968.0,2650.0,4667.138514288611,6708.0,1797.0,2429.0,3885.0,5165.314137869082,2212.0,3010.0,4114.0,5671.0,3185.0,200.7522088971673,10065.111795088476,3386.0,4439.0,4307.0,651.0,5.0,14.0,5.8,0.0,41.0,2015-05-14,85747.31665614333
5533.0,4066.0,5188.0,2127.0,4066.1098403400547,6100.0,1569.0,2109.0,3328.0,4439.090158449258,2128.0,2452.0,3830.0,5035.0,2758.0,68.0,9406.263226248553,2983.0,3869.0,3787.0,605.0,5.0,15.0,3.7,0.0,31.0,2015-05-15,75446.46322503786
2433.0,2640.0,2616.0,906.0,2009.549385223843,3199.0,803.0,859.0,1448.0,929.4618001411809,1085.0,1127.0,2433.0,3086.0,1116.0,87.0,6505.9214358452655,1445.0,2285.0,1349.0,146.0,5.0,16.0,0.3,0.0,31.0,2015-05-16,38507.93262121029
4634.0,5099.0,5404.0,1594.0,3877.1686701073986,4437.0,1436.0,2080.0,2409.0,3581.032389879413,4500.0,3545.0,4834.0,5904.0,2633.0,113.0,7775.282425051019,1949.0,3253.0,2002.0,305.0,5.0,17.0,0.0,0.0,31.0,2015-05-17,71364.48348503784
4155.0,4351.0,4682.0,1490.0,3209.6890596408707,3701.0,1366.0,1950.0,1860.0,3085.6559180754375,3761.0,3064.0,3510.0,5148.0,2306.0,103.0,5927.016833373835,1828.0,2885.0,1708.0,232.0,5.0,18.0,0.0,0.0,46.0,2015-05-18,60322.36181109014
5203.0,3422.0,4645.0,2015.0,3660.529208195834,5720.0,1525.0,1797.0,3166.0,3784.745244806797,1257.0,1922.0,3352.0,4455.0,2309.0,164.0,8702.937053755013,2593.0,3388.0,3567.0,561.0,5.0,19.0,0.0,0.0,69.0,2015-05-19,67209.21150675765
5698.0,3840.0,5240.0,2418.0,3983.1523603460673,5947.0,1636.0,2058.0,3404.0,5014.654065111781,1398.0,2212.0,3646.0,4814.0,2772.0,145.0,8618.784406569157,2951.0,3835.0,3858.0,426.0,5.0,20.0,6.8,0.0,54.0,2015-05-20,73914.59083202701
6031.0,4271.0,5598.0,2423.0,4345.618809750718,6706.0,1713.0,2149.0,3565.0,4206.125417542076,1875.0,2499.0,3891.0,5131.0,2860.0,152.0,9997.772706283602,3082.0,3687.0,4175.0,662.0,5.0,21.0,4.1,0.0,43.0,2015-05-21,79019.5169335764
4478.0,3118.0,4121.0,1697.0,3273.369903231328,5095.0,1251.0,1551.0,2825.0,3709.553139580451,1110.0,1639.0,2973.0,3854.0,2144.0,101.0,7987.2856241869895,2494.0,2974.0,3321.0,549.0,5.0,22.0,9.4,0.0,54.0,2015-05-22,60265.20866699876
3285.0,3171.0,3484.0,1129.0,2495.0921825317023,3433.0,947.0,1107.0,1549.0,1559.1977529354845,1554.0,1869.0,3385.0,3841.0,1333.0,98.0,6231.410655207342,1739.0,2555.0,1540.0,267.0,5.0,23.0,8.0,0.0,61.0,2015-05-23,46571.700590674525
3891.0,4183.0,4422.0,1300.0,3230.8334277869117,3971.0,1321.0,1487.0,2063.0,2739.1280583959815,2761.0,2665.0,4300.0,4884.0,1969.0,78.0,7158.532823323428,1690.0,2887.0,1889.0,309.0,5.0,24.0,0.0,0.0,56.0,2015-05-24,59198.49430950631
2891.0,1878.0,2687.0,1214.0,2126.7530231137935,3096.0,850.0,1084.0,1908.0,3129.9104896115787,664.0,1157.0,1911.0,2693.0,1474.0,83.0,4655.158289445575,1547.0,2038.0,2250.0,327.0,5.0,25.0,0.0,0.0,43.0,2015-05-25,39663.82180217095
6492.0,4555.0,6124.0,2555.0,4742.698918290339,6955.0,1916.0,2544.0,3914.0,5334.506358803632,2483.0,2970.0,4215.0,5553.0,3262.0,173.0,9873.32898871745,3052.0,3823.0,4601.0,680.0,5.0,26.0,0.0,0.0,46.0,2015-05-26,85817.53426581141
5964.0,4132.0,5809.0,2301.0,4351.692713747983,6617.0,1776.0,2269.0,3644.0,4956.03352351656,1512.0,2390.0,3754.0,5005.0,2959.0,195.0,9499.260042077341,2989.0,3567.0,4461.0,660.0,5.0,27.0,0.0,0.0,57.0,2015-05-27,78810.98627934189
4657.0,3156.0,4376.0,1858.0,3472.9706531334373,5368.0,1485.0,1862.0,2991.0,4249.237694156938,1204.0,1838.0,3095.0,4064.0,2498.0,142.0,7590.405107613661,2519.0,2922.0,3707.0,578.0,5.0,28.0,0.8,0.0,48.0,2015-05-28,63632.613454904036
7093.0,6153.0,7322.0,2719.0,5803.2103008970635,7772.0,2174.0,2872.0,4867.0,7967.615568102334,3059.0,3339.0,7197.0,7695.0,3782.0,332.0,11680.986889283075,4342.0,5166.0,5017.0,717.0,5.0,29.0,0.1,0.0,31.0,2015-05-29,107069.81275828247
3304.0,3716.0,3783.0,1250.0,2721.4121475716565,3608.0,1082.0,1163.0,1899.0,2323.5940791452904,1162.0,1729.0,3563.0,4604.0,1550.0,83.0,6892.032270921682,1733.0,3046.0,1624.0,200.0,5.0,30.0,0.0,0.0,67.0,2015-05-30,51036.03849763863
2430.0,3524.0,3329.0,1720.0,3155.4923373477664,3324.0,945.0,790.0,3034.0,6750.320895640336,785.0,1478.0,7921.0,5636.0,1153.0,71.0,5488.307428837643,2579.0,3126.0,2207.0,187.0,5.0,31.0,6.6,0.0,46.0,2015-05-31,59633.12066182575
3319.0,2178.0,3011.0,1304.0,2392.948401923128,3652.0,939.0,1067.0,2074.0,3308.526790605797,338.0,1075.0,2311.0,2794.0,1508.0,85.0,5725.509442785136,1778.0,2465.0,2704.0,326.0,6.0,1.0,6.4,0.0,44.0,2015-06-01,44354.98463531406
3158.0,2037.0,2814.0,1266.0,2289.6614539638317,3666.0,1003.0,1074.0,1982.0,2565.6395436232415,327.0,1240.0,2240.0,2800.0,1551.0,90.0,5325.369528236759,1644.0,2213.0,2551.0,229.0,6.0,2.0,8.1,0.0,33.0,2015-06-02,42065.670525823836
6444.0,4736.0,5983.0,2616.0,4730.477606190573,6951.0,1919.0,2609.0,3882.0,4468.007574841807,1244.0,3194.0,4443.0,5530.0,3477.0,189.0,9799.283892927295,3078.0,3992.0,4532.0,659.0,6.0,3.0,6.9,0.0,31.0,2015-06-03,84475.76907395967
7242.0,5461.0,6843.0,2863.0,5350.041984328315,7905.0,2183.0,3014.0,4272.0,4611.533139185715,1487.0,3595.0,4829.0,6210.0,4118.0,183.0,11004.61192433515,3193.0,4092.0,5039.0,768.0,6.0,4.0,1.7,0.0,31.0,2015-06-04,94263.18704784918
4074.0,2763.0,3660.0,1490.0,2999.630699334068,4590.0,1154.0,1433.0,2618.0,2547.420725644155,559.0,1750.0,2849.0,3808.0,1947.0,151.0,7135.287370087874,1695.0,2712.0,2922.0,431.0,6.0,5.0,0.0,0.0,46.0,2015-06-05,53288.3387950661
4310.0,4527.0,4770.0,1561.0,3426.0841323731606,4326.0,1334.0,1841.0,2125.0,2584.651495352865,1538.0,2658.0,4462.0,5061.0,2342.0,109.0,7365.159236695398,1868.0,3187.0,2178.0,334.0,6.0,6.0,3.6,0.0,44.0,2015-06-06,61906.894864421425
3592.0,4261.0,4262.0,1542.0,3107.584467584058,3804.0,1241.0,1682.0,1982.0,1434.2796092699245,1629.0,3237.0,4059.0,4851.0,2009.0,72.0,6334.556446644451,1596.0,2720.0,1762.0,294.0,6.0,7.0,3.3,0.0,43.0,2015-06-07,55471.420523498426
1705.0,1271.0,1737.0,853.0,1392.2498045796324,2253.0,619.0,625.0,1238.0,1565.5020810265987,168.0,710.0,1523.0,1936.0,940.0,75.0,3711.242781896258,1021.0,1411.0,1456.0,176.0,6.0,8.0,0.0,0.0,44.0,2015-06-08,26385.994667502488
3388.0,2180.0,3065.0,1537.0,2466.565423088664,3785.0,1035.0,1281.0,2206.0,2951.499879709988,515.0,1382.0,2346.0,3093.0,1722.0,101.0,5477.226442217844,1754.0,2313.0,2546.0,350.0,6.0,9.0,0.0,0.0,31.0,2015-06-09,45494.2917450165
6341.0,4437.0,5744.0,2684.0,4538.833152267943,6467.0,1816.0,2742.0,3750.0,5381.470490954476,2338.0,2918.0,4138.0,5317.0,3482.0,192.0,8821.600184509,3077.0,3593.0,4197.0,673.0,6.0,10.0,0.0,0.0,39.0,2015-06-10,82647.90382773141
6136.0,4232.0,5644.0,2261.0,4367.008169874548,6462.0,1716.0,2420.0,3608.0,4829.239656290989,1802.0,2540.0,4009.0,4825.0,3195.0,171.0,9725.711365790448,2908.0,3665.0,4136.0,649.0,6.0,11.0,0.0,0.0,56.0,2015-06-11,79300.95919195598
3600.0,2547.0,3407.0,1329.0,2732.311466036817,3965.0,1008.0,1474.0,2410.0,3316.196696344401,923.0,1505.0,2539.0,3365.0,1894.0,133.0,6396.130788965467,1687.0,2543.0,2693.0,430.0,6.0,12.0,0.5,0.0,32.0,2015-06-12,49896.638951346686
5493.0,4943.0,5433.0,1577.0,3836.0864622937984,4630.0,1604.0,2176.0,2157.0,3477.776783629023,3327.0,2818.0,4891.0,5588.0,2723.0,184.0,7620.474647924439,2322.0,3213.0,2040.0,522.0,6.0,13.0,0.0,0.0,41.0,2015-06-13,70575.33789384726
5253.0,5064.0,5531.0,1713.0,3990.591038841111,4535.0,1579.0,2360.0,2540.0,4485.964078450838,3878.0,3195.0,5053.0,5951.0,2848.0,120.0,7256.983532978108,2007.0,3174.0,2210.0,350.0,6.0,14.0,0.0,0.0,31.0,2015-06-14,73094.53865027006
4427.0,3165.0,4169.0,1884.0,3339.125052892728,5124.0,1380.0,1747.0,2786.0,3387.5011652232324,1493.0,1950.0,3118.0,4321.0,2322.0,107.0,7191.6208158126965,2091.0,2623.0,3254.0,486.0,6.0,15.0,0.0,0.0,41.0,2015-06-15,60365.24703392865
3120.0,1969.0,2757.0,1179.0,2215.9237086403596,3516.0,985.0,1032.0,1884.0,1954.6667901598903,709.0,1289.0,1998.0,2688.0,1473.0,122.0,5471.090546779295,1341.0,1943.0,2217.0,291.0,6.0,16.0,0.0,0.0,37.0,2015-06-16,40154.68104557955
7387.0,5303.0,7003.0,2941.0,5344.245555904566,7669.0,2133.0,2994.0,4131.0,4974.9547776038635,3317.0,3755.0,4893.0,6221.0,3805.0,157.0,10889.283237086347,2873.0,3912.0,4698.0,729.0,6.0,17.0,1.8,0.0,31.0,2015-06-17,95129.48357059478
6520.0,4688.0,6113.0,2473.0,4636.965107630263,6766.0,1965.0,2618.0,3720.0,4757.692744145857,2324.0,2778.0,4197.0,5348.0,3295.0,175.0,8802.181241016715,2633.0,2269.0,4246.0,689.0,6.0,18.0,0.0,0.0,46.0,2015-06-18,81013.83909279284
6273.0,4715.0,5943.0,2251.0,4594.088109493958,6755.0,1844.0,2621.0,3552.0,4307.550183234206,2248.0,2691.0,4501.0,5163.0,3417.0,195.0,10565.171815952202,2618.0,3605.0,4026.0,670.0,6.0,19.0,1.8,0.0,44.0,2015-06-19,82554.81010868037
5523.0,5066.0,5504.0,1590.0,3901.3130437892255,4846.0,1751.0,2220.0,2264.0,3283.812783320246,3938.0,2998.0,4400.0,5634.0,2669.0,193.0,7992.306357154373,1982.0,3168.0,2219.0,338.0,6.0,20.0,0.8,0.0,31.0,2015-06-20,71480.43218426385
2157.0,2369.0,2586.0,938.0,1912.8049000807057,2853.0,876.0,918.0,1271.0,996.0449661862185,1090.0,1322.0,2673.0,3140.0,1129.0,63.0,5220.846595794427,1001.0,1883.0,1246.0,158.0,6.0,21.0,0.0,0.0,33.0,2015-06-21,35802.69646206135
5346.0,4204.0,5538.0,2353.0,4239.417869969598,6040.0,1868.0,2350.0,3381.0,4425.0923577045805,2092.0,2839.0,3939.0,5167.0,3143.0,163.0,8707.977676647519,2126.0,3311.0,3954.0,632.0,6.0,22.0,0.0,0.0,31.0,2015-06-22,75818.4879043217
4062.0,3171.0,4193.0,1579.0,3072.982382034048,4643.0,1216.0,1520.0,2439.0,2914.3007970746785,966.0,1673.0,2781.0,4142.0,1968.0,136.0,7209.676465394126,1746.0,2702.0,2902.0,390.0,6.0,23.0,0.0,0.0,70.0,2015-06-23,55425.95964450285
4818.0,5447.0,5085.0,1759.0,3774.7307258608794,4076.0,1688.0,2293.0,2102.0,3104.386926007486,4787.0,3704.0,4016.0,5687.0,2742.0,138.0,7216.350250718557,1566.0,3128.0,1800.0,339.0,6.0,24.0,0.0,0.0,46.0,2015-06-24,69270.46790258691
5953.0,4986.0,6312.0,2494.0,4741.253432718765,7027.0,1911.0,2573.0,3698.0,4057.069374155042,2340.0,3004.0,4199.0,5321.0,3396.0,217.0,10829.22715170298,2599.0,3314.0,4362.0,773.0,6.0,25.0,1.1,0.0,33.0,2015-06-25,84106.54995857678
6768.0,4938.0,6539.0,2140.0,4696.187933461283,6916.0,1882.0,2865.0,3450.0,4199.164908251866,2558.0,3056.0,4213.0,5758.0,3737.0,153.0,10048.888661738052,3063.0,3648.0,3860.0,629.0,6.0,26.0,0.0,0.0,35.0,2015-06-26,85117.2415034512
5175.0,4399.0,5065.0,1347.0,3608.6126672592127,4614.0,1388.0,2181.0,2234.0,2829.848643506685,3908.0,2859.0,3810.0,5035.0,2804.0,124.0,8165.218040361121,1863.0,3145.0,1874.0,325.0,6.0,27.0,0.0,0.0,31.0,2015-06-27,66753.67935112702
732.0,724.0,836.0,323.0,600.1282713411892,967.0,255.0,277.0,476.0,458.395102559361,86.0,308.0,792.0,1132.0,307.0,32.0,2509.6896401448016,406.0,855.0,385.0,40.0,6.0,28.0,1.8,0.0,46.0,2015-06-28,12501.213014045352
4305.0,3201.0,4406.0,1846.0,3369.7400025272,5298.0,1446.0,1700.0,2786.0,2986.6457981492294,1409.0,1962.0,3041.0,4162.0,2399.0,266.0,8007.016032871438,2179.0,2969.0,3287.0,425.0,6.0,29.0,2.3,0.0,32.0,2015-06-29,61450.40183354787
5449.0,4144.0,5376.0,2038.0,4110.495594144673,6091.0,1730.0,2453.0,3178.0,3819.2031664713804,2299.0,2631.0,3562.0,4796.0,3005.0,275.0,9441.114279309484,2502.0,3630.0,3846.0,656.0,6.0,30.0,0.0,0.0,39.0,2015-06-30,75031.81303992553
1459.0,1360.0,1724.0,609.0,1137.3730440857464,1617.0,476.0,516.0,768.0,917.9415780810432,462.0,783.0,1300.0,1887.0,735.0,111.0,3284.6746243729854,864.0,1410.0,784.0,147.0,7.0,1.0,0.0,0.0,54.0,2015-07-01,22351.989246539775
5790.0,4824.0,6187.0,2370.0,4614.636953089822,6973.0,1876.0,2558.0,3611.0,3396.2787880349388,2282.0,2939.0,4030.0,5956.0,3365.0,457.0,10712.934137345677,2922.0,4105.0,4102.0,694.0,7.0,2.0,0.0,0.0,56.0,2015-07-02,83764.84987847044
6806.0,5188.0,6570.0,2209.0,4812.175618346046,7021.0,1984.0,2966.0,3391.0,3436.4654846628237,3026.0,3110.0,4183.0,6389.0,3862.0,444.0,10594.400258786038,2999.0,4276.0,3737.0,690.0,7.0,3.0,0.0,0.0,37.0,2015-07-03,87694.04136179491
5559.0,4558.0,5370.0,1402.0,3674.765485468687,3115.0,1362.0,2217.0,2130.0,4777.676831926492,4233.0,3861.0,3609.0,5282.0,3168.0,427.0,4340.208826271329,2131.0,3091.0,1842.0,386.0,7.0,4.0,0.0,0.0,31.0,2015-07-04,66535.6511436665
5144.0,4434.0,5091.0,1364.0,3632.0528940698086,4370.0,1505.0,2195.0,2117.0,1956.3828096903308,4126.0,3801.0,4177.0,5191.0,2616.0,278.0,7255.032125379202,2016.0,3273.0,1772.0,369.0,7.0,5.0,0.0,0.0,33.0,2015-07-05,66682.46782913935
6049.0,4914.0,6493.0,2347.0,4751.374527196999,6768.0,2151.0,2870.0,3647.0,3956.6894649248397,3036.0,3554.0,3707.0,6058.0,3569.0,461.0,9993.351481503123,2581.0,4159.0,4243.0,710.0,7.0,6.0,0.0,0.0,31.0,2015-07-06,86018.41547362496
4590.0,3484.0,4726.0,1787.0,3599.239994974548,5383.0,1489.0,1896.0,2954.0,2875.6001858022355,1529.0,2162.0,2773.0,4495.0,2549.0,544.0,8497.97048261487,2240.0,3438.0,3502.0,603.0,7.0,7.0,0.0,0.0,48.0,2015-07-07,65116.81066339165
6586.0,5329.0,6724.0,2575.0,5069.703529165006,7085.0,2306.0,3035.0,3827.0,4159.32246344039,2936.0,3707.0,4324.0,6348.0,3844.0,643.0,10114.091647582936,2920.0,4277.0,4494.0,730.0,7.0,8.0,0.0,0.0,39.0,2015-07-08,91033.11764018834
6339.0,4947.0,6263.0,2393.0,4800.029916501609,7233.0,2181.0,2844.0,3714.0,2995.5810173167456,2734.0,3221.0,3780.0,5478.0,3616.0,697.0,11508.903959604999,2853.0,4359.0,4297.0,701.0,7.0,9.0,0.0,0.0,31.0,2015-07-09,86954.51489342336
6371.0,4966.0,6341.0,2007.0,4702.65039175448,6699.0,1964.0,2822.0,3289.0,3226.777606790901,3033.0,3346.0,4163.0,5942.0,3670.0,545.0,10251.192402791872,2693.0,4214.0,3884.0,656.0,7.0,10.0,0.0,0.0,39.0,2015-07-10,84785.62040133725
4801.0,4363.0,4965.0,1288.0,3460.6983455283557,4473.0,1358.0,1990.0,1894.0,924.7303367213908,3607.0,3532.0,3337.0,5179.0,2683.0,335.0,7484.48847917691,1968.0,3299.0,1802.0,325.0,7.0,11.0,0.0,0.0,44.0,2015-07-11,63068.91716142665
4043.0,3908.0,4278.0,1257.0,3104.533499385925,3805.0,1227.0,1744.0,1787.0,1279.8551337310828,3422.0,3441.0,3450.0,4704.0,2087.0,222.0,6449.038681649673,1674.0,3031.0,1694.0,273.0,7.0,12.0,0.0,0.0,31.0,2015-07-12,56880.42731476668
5388.0,4282.0,5728.0,2145.0,4166.093979585138,6192.0,1931.0,2465.0,3156.0,2782.302887233146,2315.0,3016.0,3202.0,4785.0,3011.0,468.0,10100.115839745973,2274.0,3954.0,3769.0,686.0,7.0,13.0,0.0,0.0,31.0,2015-07-13,75815.51270656426
5361.0,4107.0,5597.0,2083.0,4146.686193085465,6429.0,1880.0,2370.0,3185.0,2601.913460332564,2092.0,2690.0,3455.0,4617.0,2785.0,558.0,10470.392610459727,2383.0,3885.0,3963.0,666.0,7.0,14.0,0.0,0.0,57.0,2015-07-14,75324.99226387776
6904.0,5074.0,6809.0,2628.0,5125.904427267234,7547.0,2211.0,2962.0,3839.0,3826.877932148396,3216.0,3417.0,4287.0,6096.0,4061.0,760.0,11073.006121683018,3432.0,4467.0,4518.0,820.0,7.0,15.0,0.0,0.0,48.0,2015-07-15,93073.78848109866
6870.0,5003.0,6658.0,2452.0,4947.594233701244,7181.0,2274.0,2973.0,3703.0,3872.328659703472,3315.0,3622.0,4165.0,6232.0,3758.0,561.0,10292.155882968076,3256.0,4423.0,4212.0,736.0,7.0,16.0,1.1,0.0,31.0,2015-07-16,90506.0787763728
5189.0,4085.0,5365.0,1880.0,3872.1423924728165,5944.0,1794.0,2405.0,3024.0,2419.627732323035,2515.0,2607.0,3552.0,4919.0,3124.0,387.0,10087.649738686981,2606.0,3778.0,2731.0,569.0,7.0,17.0,0.0,0.0,33.0,2015-07-17,72853.41986348282
3017.0,2559.0,2938.0,901.0,2125.770614773727,3306.0,837.0,1005.0,1367.0,271.5401336219793,1323.0,1579.0,2403.0,3440.0,1630.0,176.0,6164.262689518741,1686.0,2443.0,1029.0,219.0,7.0,18.0,0.0,0.0,31.0,2015-07-18,40419.57343791445
2478.0,2298.0,2605.0,878.0,1863.8808343067963,2617.0,865.0,887.0,1228.0,742.212260853742,1457.0,1651.0,2309.0,3067.0,1112.0,136.0,5194.134750482012,1273.0,2332.0,932.0,181.0,7.0,19.0,0.0,0.0,31.0,2015-07-19,36106.22784564255
5807.0,4628.0,6215.0,2315.0,4572.993648222503,6569.0,2179.0,2857.0,3595.0,3301.8507379497896,3288.0,3475.0,3940.0,5877.0,3607.0,595.0,10050.882535712866,2711.0,3988.0,3577.0,788.0,7.0,20.0,0.0,0.0,43.0,2015-07-20,83936.72692188516
3114.0,2222.0,3195.0,1247.0,2438.511523707401,3897.0,1211.0,1276.0,2052.0,1554.281846746283,1044.0,1724.0,2183.0,2554.0,1721.0,294.0,6821.215385260446,1637.0,2428.0,2294.0,452.0,7.0,21.0,0.0,0.0,44.0,2015-07-21,45359.00875571412
5396.0,4174.0,5628.0,2296.0,4398.531686127046,6700.0,2068.553214554211,2562.0,3360.0,2688.4819666056037,2929.0,2990.0,3849.0,5288.0,3301.0,777.0,10114.849591694681,2575.0,3928.0,4088.0,723.0,7.0,22.0,0.0,0.0,41.0,2015-07-22,79834.41645898155
5414.0,4226.0,5476.0,2187.0,4147.585259243763,6324.0,1872.0,2537.0,3192.0,3174.5598510913005,2408.0,2631.0,3750.0,5542.0,3214.0,400.0,9558.509958285576,2671.0,3900.0,3512.0,648.0,7.0,23.0,0.0,0.0,61.0,2015-07-23,76784.65506862063
4051.0,3306.0,4378.0,1422.0,3166.6961198446984,4898.0,1391.0,1659.0,2359.0,2199.7314682221668,1536.0,1902.0,3077.0,4174.0,2180.0,327.0,8405.631749787277,2103.0,3382.0,2712.0,454.0,7.0,24.0,0.0,0.0,31.0,2015-07-24,59083.05933785414
4193.0,3666.0,4524.0,1225.0,3112.833970996894,3917.0,1411.0,1933.0,1823.0,2214.5177917979063,3909.0,3034.0,3180.0,4648.0,2568.0,307.0,6368.207541934681,1939.0,3053.0,1680.0,314.0,7.0,25.0,0.0,0.0,31.0,2015-07-25,59019.55930472948
3136.0,3236.0,3642.0,1133.0,2526.032299272049,2963.0,1132.0,1368.0,1555.0,2554.8761502582793,2509.0,2241.0,3093.0,3909.0,1675.0,205.0,5379.17531890585,1619.0,2722.0,1478.0,247.0,7.0,26.0,0.0,0.0,31.0,2015-07-26,48323.083768436176
4756.0,3730.0,4858.0,1887.0,3787.3128715936778,5210.0,1742.0,2325.0,2951.0,3823.751728633878,2584.0,2705.0,2965.0,4539.0,2998.0,485.0,8132.579750163085,2144.0,3654.0,3555.0,699.0,7.0,27.0,0.0,0.0,44.0,2015-07-27,69530.64435039065
5495.0,4139.0,5797.0,2091.0,4282.615109852822,6000.0,1942.0,2581.0,3227.0,3834.2301431771484,2895.0,3083.0,3422.0,4503.0,3279.0,634.0,9787.428180499952,2345.0,4087.0,4012.0,726.0,7.0,28.0,0.0,0.0,33.0,2015-07-28,78162.27343352992
5555.0,4294.0,5982.0,1935.0,4355.104674640027,5868.0,1926.0,2454.0,3143.0,4300.870632309326,3157.0,3245.0,3510.0,5419.0,3544.0,508.0,8450.631446765528,2386.0,3751.0,3959.0,700.0,7.0,29.0,0.0,0.0,31.0,2015-07-29,78442.60675371488
4635.0,3389.0,4759.0,1652.0,3585.7047031329716,5276.0,1508.0,1996.0,2820.0,3071.8143609502695,1543.0,2122.0,2986.0,4691.0,2547.0,529.0,7932.636928128554,2240.0,3343.0,3480.0,684.0,7.0,30.0,0.0,0.0,43.0,2015-07-30,64790.155992211796
5486.0,4165.0,5625.0,1746.0,4256.911475009333,5846.0,1746.0,2432.0,2999.0,2153.6851068389433,3309.0,4116.0,3718.0,5215.0,3281.0,581.0,8625.23937695572,2511.0,3763.0,3555.0,715.0,7.0,31.0,0.0,0.0,63.0,2015-07-31,75844.83595880399
3809.0,3268.0,4043.0,1084.0,3008.1383009877027,3691.0,1175.0,1563.0,1539.0,0.0,3671.0,5832.0,2968.0,4850.0,2124.0,290.0,4636.850287845706,1707.0,2517.0,1615.0,286.0,8.0,1.0,0.0,0.0,56.0,2015-08-01,53676.98858883341
4176.0,3879.0,4438.0,1389.0,3357.479693225467,3783.0,1392.0,1916.0,1944.0,0.0,4425.0,6014.0,3718.0,4663.0,2222.0,281.0,5195.281243889763,1706.0,2709.0,1758.0,267.0,8.0,2.0,0.0,0.0,37.0,2015-08-02,59232.76093711523
3842.0,2866.0,3997.0,1544.0,3069.897125635544,4836.0,1392.0,1658.0,2475.0,2080.947975465827,1386.0,2240.0,2828.0,3771.0,2185.0,428.0,6921.137715296664,2368.0,2702.0,3074.0,509.0,8.0,3.0,0.0,0.0,50.0,2015-08-03,56172.982816398035
5689.0,4141.0,5688.0,2147.0,4234.967782910271,6384.0,1995.0,2445.0,3241.0,3442.2972660162104,2591.0,2915.0,3959.0,4984.0,3176.0,677.0,8627.363692294432,3198.0,3324.0,3950.0,545.0,8.0,4.0,0.0,0.0,52.0,2015-08-04,77353.62874122092
4806.0,3719.0,5100.0,1981.0,3843.267243507916,5645.0,1763.0,2373.0,2959.0,3678.5936175598363,1983.0,2419.0,3701.0,5540.0,3029.0,613.0,6815.989792910975,2841.0,3098.0,3663.0,634.0,8.0,5.0,0.0,0.0,46.0,2015-08-05,70204.85065397872
5722.0,3876.0,5456.0,2118.0,4099.611820445456,5950.0,1884.0,2366.0,3027.0,3642.1289265730893,2259.0,2761.0,3762.0,4978.0,3113.0,674.0,7334.231404399109,2938.0,3055.0,3953.0,611.0,8.0,6.0,0.0,0.0,44.0,2015-08-06,73578.97215141765
4846.0,3782.0,4985.0,1680.0,3775.038500674283,5302.0,1593.0,2315.0,2770.0,3089.321856073596,2529.0,2734.0,3511.0,4869.0,2927.0,578.0,7226.931431974207,2496.0,2846.0,3371.0,651.0,8.0,7.0,0.9,0.0,31.0,2015-08-07,67876.29178872208
2593.0,3730.0,4416.0,1233.0,2852.434866133076,3789.0,1368.0,1869.0,1713.0,1634.474455314149,3534.0,3170.0,3418.0,4525.0,2274.0,280.0,6202.781426261131,2050.0,2601.0,1639.0,328.0,8.0,8.0,0.0,0.17879035636610752,38.41415322121975,2015-08-08,55219.69074770835
3508.0,3324.0,3983.0,1126.0,2858.207677056872,3507.0,1210.0,1603.0,1743.0,1663.0882951607791,3070.0,3131.0,3629.0,4358.0,1981.0,282.0,5188.144773997717,1768.0,2355.0,1692.0,316.0,8.0,9.0,0.0,0.0,31.0,2015-08-09,52295.44074621536
5191.0,4023.0,5373.0,1949.0,4101.49960690519,5767.0,1915.0,2455.0,3081.0,2666.8190467439663,2857.0,3606.0,3664.0,4642.0,3211.0,653.0,8098.097461970016,2520.0,3104.0,3660.0,665.0,8.0,10.0,0.0,0.0,50.0,2015-08-10,73202.41611561917
1557.0,1322.0,1753.0,685.0,1320.2331072539491,2033.0,555.0,579.0,1125.0,1234.5744722108584,368.0,759.0,1393.0,1745.0,801.0,191.0,3817.5399153847547,953.0,1360.0,1287.0,151.0,8.0,11.0,0.0,0.0,44.0,2015-08-11,24989.34749484956
3914.0,2895.0,4188.0,1682.0,3149.772728955863,4871.0,1465.0,1426.0,2599.0,2427.5227318621983,1299.0,1964.0,3098.0,3848.0,1921.0,556.0,7130.857376665585,2135.0,2644.0,3188.0,407.0,8.0,12.0,0.0,0.0,46.0,2015-08-12,56808.15283748364
5297.0,4147.0,5336.0,2120.0,4155.907619279491,5963.0,1741.0,2213.0,3242.0,3322.166879527278,2386.0,2868.0,3954.0,5174.0,2877.0,586.0,8315.730164936613,2629.0,3040.0,3825.0,626.0,8.0,13.0,0.0,0.0,33.0,2015-08-13,73817.80466374339
3154.0,2318.0,3246.0,1225.0,2444.0346847269675,3504.0,1038.0,1245.0,1968.0,1759.1675131043494,961.0,1902.0,2371.0,3227.0,1783.0,400.0,5132.251532398073,1661.0,2132.0,2180.0,321.0,8.0,14.0,0.0,0.0,39.0,2015-08-14,43971.45373022939
3586.0,3551.0,3909.0,1080.0,2701.3696518396564,3325.0,1237.0,1513.0,1495.0,1337.7361159371949,2655.0,2791.0,2915.0,4132.0,1920.0,275.0,5211.8331298267885,1677.0,2258.0,1533.0,265.0,8.0,15.0,0.0,0.0,31.0,2015-08-15,49367.93889760364
3975.0,3468.0,4149.0,1142.0,2886.5789650933793,3335.0,1301.0,1626.0,1631.0,1618.8945917148676,3179.0,3169.0,3511.0,4320.0,1911.0,279.0,5240.670747487656,1519.0,2442.0,1469.0,325.0,8.0,16.0,0.0,0.0,31.0,2015-08-16,52497.1443042959
4999.0,4056.0,5578.0,2002.0,4011.5981233289385,5588.0,1838.0,2340.0,3029.0,2475.206159490689,2449.0,3132.0,3578.0,4665.0,3011.0,720.0,8792.3395925835,2075.0,3210.0,3300.0,643.0,8.0,17.0,0.0,0.0,41.0,2015-08-17,71492.14387540313
5413.0,4209.0,5861.0,2036.0,4227.871363227231,5887.0,1872.0,2292.0,3141.0,3285.07646772101,2450.0,3100.0,3661.0,4727.0,2978.0,653.0,8832.430887198618,2235.0,3203.0,3898.0,673.0,8.0,18.0,0.0,0.0,48.0,2015-08-18,74634.37871814685
5339.0,4136.0,5716.0,2078.0,4162.878174103875,5794.0,1820.0,2328.0,3079.0,3199.7484159283395,2321.0,3012.0,3826.0,4720.0,2979.0,683.0,8685.77092273079,2177.0,3306.0,3782.0,570.0,8.0,19.0,0.0,0.0,32.0,2015-08-19,73714.39751276301
5189.0,4198.0,5673.0,1978.0,4105.245708451699,5782.0,1774.0,2247.0,3188.0,3785.1030660865636,2091.0,2726.0,3682.0,4833.0,2821.0,555.0,8826.882686617711,2317.0,3340.0,3835.0,561.0,8.0,20.0,0.0,0.0,57.0,2015-08-20,73507.23146115599
4857.0,3840.0,5103.0,1809.0,3717.316859869596,5255.082478043323,1705.0,1938.0,2834.0,3350.7225312003657,1930.0,2405.0,3605.0,4572.0,2534.0,579.0,8022.9343570709525,2327.0,3066.0,3265.0,474.0,8.0,21.0,0.0,0.0,41.0,2015-08-21,67189.05622618424
3907.0,3871.0,4324.0,1293.0,2943.55459644959,3676.301757563421,1277.0,1706.0,1677.0,2203.9661989053902,3107.0,2546.0,3241.0,4576.0,2012.0,265.0,5890.302379735141,1896.0,2429.0,1657.0,308.0,8.0,22.0,0.0,0.0,31.0,2015-08-22,54806.12493265354
3742.0,3816.0,4250.0,1368.0,3026.6844765296073,3660.2122302623584,1360.0,1670.0,1837.0,1940.6818066037386,3394.0,3076.0,3760.0,4729.0,1963.0,272.0,5642.89646464793,1753.0,2465.0,1671.0,281.0,8.0,23.0,0.0,0.0,31.0,2015-08-23,55677.47497804363
5111.0,3840.0,5284.0,2225.0,3951.98678994321,5822.784774467205,1958.0,2269.0,3053.0,2671.7453363404766,2162.0,2966.0,3271.0,4662.0,2864.0,646.0,7885.6654058009235,2186.0,2930.0,3777.0,525.0,8.0,24.0,0.0,0.0,37.0,2015-08-24,70061.18230655181
6095.0,4641.0,6140.0,2523.0,4664.4089654033505,6420.020757134058,2189.0,2574.0,3508.0,3341.5646828388926,2738.0,3264.0,3906.0,5627.0,3314.0,687.0,9270.489272404564,1669.0,3340.0,4131.0,668.0,8.0,25.0,0.0,0.0,43.0,2015-08-25,80710.48367778087
5644.0,4371.0,6033.0,2658.0,4606.508652863025,6441.060942413554,2250.0,2468.0,3492.0,3420.3578828595637,2453.0,3169.0,4177.0,5513.0,3253.0,700.0,8802.84681637946,1462.0,3149.0,4393.0,633.0,8.0,26.0,0.0,0.0,33.0,2015-08-26,79088.7742945156
5341.0,4203.0,5481.0,2371.0,4173.484610496141,6080.102076653953,2000.0,2139.0,3288.0,3253.6261086874483,1743.0,2684.0,3879.0,5475.0,2849.0,582.0,8308.131860394802,2239.0,3207.0,3876.0,516.0,8.0,27.0,0.0,0.0,41.0,2015-08-27,73688.34465623234
5337.0,4658.0,5815.0,2376.0,4367.844785292262,6179.573086173983,2043.0,2364.0,3219.0,3957.4521149094808,2521.0,2907.0,4374.0,5478.0,3194.0,629.0,8748.857245120438,2758.0,3373.0,3930.0,570.0,8.0,28.0,0.0,0.0,39.0,2015-08-28,78799.72723149616
3455.0,3629.0,3708.0,1185.0,2755.84992325058,3680.319189505299,1247.0,1330.0,1583.0,1370.7461564576188,2485.0,2408.0,3474.0,4260.0,1784.0,246.0,5787.019472007881,1934.0,2457.0,1795.0,224.0,8.0,29.0,0.0,0.0,33.0,2015-08-29,50797.934741221376
3703.0,3606.0,4132.0,1349.0,2960.3121605153824,3672.002696122025,1371.0,1498.0,1777.0,1966.8253359665468,3281.0,2906.0,3946.0,4510.0,1848.0,253.0,5747.662995051951,1803.0,2568.0,1697.0,264.0,8.0,30.0,0.0,0.0,33.0,2015-08-30,54858.8031876559
5420.0,4273.0,5685.0,2808.0,4341.546179156618,6351.431541558906,2216.0,2555.0,3552.0,4216.39317610955,2174.0,2961.0,3908.0,4876.0,2911.0,653.0,8641.301643225757,2554.0,3103.0,4320.0,599.0,8.0,31.0,0.0,0.0,52.0,2015-08-31,78118.67254005084
6289.0,4896.0,6759.0,3334.0,5022.244152835777,7212.295615233864,2442.0,2780.0,4051.0,4866.353286081943,2716.0,3555.0,4474.0,5937.0,3562.0,711.0,9411.134122992622,2953.0,3609.0,4780.0,644.0,9.0,1.0,0.0,0.0,31.0,2015-09-01,90004.0271771442
5565.0,4317.0,6035.0,3229.0,4561.724303996527,6756.591807019419,2344.0,2487.0,3691.0,4697.329629494327,2540.0,2941.0,4212.0,5478.0,3200.0,665.0,8717.51522735316,2794.0,3395.0,4540.0,637.0,9.0,2.0,0.0,0.0,32.0,2015-09-02,82803.16096786343
5858.0,4783.0,6300.0,3254.0,4861.316182562717,7115.311472841312,2392.0,2547.0,4048.0,4968.134230396599,2321.0,3143.0,4513.0,6035.0,3392.0,641.0,9169.969365355904,3011.0,3487.0,4786.0,646.0,9.0,3.0,0.0,0.0,32.0,2015-09-03,87271.73125115654
5521.0,4394.0,5770.0,2728.0,4518.833271955405,6553.130546405837,2124.0,2422.0,3797.0,4996.253995316652,2222.0,2803.0,4400.0,5519.0,3148.0,639.0,8551.955712339855,2899.0,3267.0,4519.0,527.0,9.0,4.0,0.0,0.0,35.0,2015-09-04,81319.17352601775
4105.0,3632.0,4286.0,1143.0,3036.3595228657628,3979.9449058949303,1304.0,1581.0,1787.0,1464.0371678071324,2952.0,2814.0,3550.0,4520.0,1991.0,315.0,5606.496612937931,1878.0,2277.0,2025.0,270.0,9.0,5.0,0.0,0.0,31.0,2015-09-05,54516.83820950576
3701.0,3163.0,3596.0,1059.0,2819.14900727991,3582.2987004407273,1140.0,1450.0,1854.0,1045.670815655374,2757.0,2897.0,3365.0,3996.0,1975.0,254.0,5206.668575435687,1558.0,1964.0,1805.0,379.0,9.0,6.0,0.0,0.0,32.0,2015-09-06,49566.7870988117
3124.0,2838.0,3496.0,998.0,2380.575971101733,3125.74499041622,1147.0,1258.0,1307.0,449.2275315208408,3004.0,2754.0,2496.0,3603.0,1630.0,216.0,4592.757554852869,1245.0,1851.0,1413.0,245.0,9.0,7.0,0.0,0.0,57.0,2015-09-07,43173.30604789166
6194.0,3953.0,5815.0,2786.0,4630.09695150835,7013.717107983933,2202.0,2389.0,4063.0,4598.216988838144,1727.0,2613.0,3956.0,5395.0,3081.0,651.0,8728.065226406012,2528.0,3118.0,4976.0,595.0,9.0,8.0,0.0,0.0,31.0,2015-09-08,81012.09627473644
5792.0,3592.0,5132.0,2696.0,4285.892398699878,6648.572601475073,2010.0,2154.0,3844.0,4002.505253358281,1307.0,2201.0,3655.0,4798.0,2797.0,729.0,8645.4613549848,2648.0,3099.0,4718.0,666.0,9.0,9.0,0.0,0.0,50.0,2015-09-09,75420.43160851803
6886.0,4673.0,6366.0,3049.0,5189.190587033357,7788.043823306054,2460.0,2683.0,4414.0,4749.694648666304,2232.0,3070.0,4507.0,6333.0,3492.0,781.0,8279.08147167871,3083.0,2498.0,5596.0,708.0,9.0,10.0,0.0,0.0,31.0,2015-09-10,88837.01053068443
6787.0,4633.0,6326.0,2780.0,4942.320581694549,7289.634904047807,2336.0,2683.0,4087.0,4761.398019485878,2143.0,2932.0,4642.0,6284.0,3512.0,671.0,8783.451184336129,3109.0,3291.0,4751.0,605.0,9.0,11.0,0.0,0.0,31.0,2015-09-11,87348.80468956436
1641.0,1479.0,1748.0,836.0,1305.434967844964,2052.188481445549,618.0,540.0,860.0,293.72278481447984,667.0,1114.0,1906.0,2303.0,672.0,109.0,3048.671549289845,1039.0,1340.0,1012.0,97.0,9.0,12.0,1.1,0.0,41.0,2015-09-12,24681.017783394836
857.0,788.0,965.0,335.0,798.3648467772948,1211.3513229904618,342.0,239.0,713.0,370.0627674508519,368.0,726.0,1322.0,1491.0,337.0,75.0,2266.450666853615,646.0,801.0,611.0,85.0,9.0,13.0,0.3,0.0,44.0,2015-09-13,15347.229604072225
2564.0,1755.0,2593.0,1509.0,2127.502653040201,3385.4066214194895,1085.0,901.0,2008.0,2290.8003751801225,559.0,1102.0,2162.0,2755.0,1231.0,301.0,4721.645882551976,1314.0,1736.0,2375.0,254.0,9.0,14.0,0.3,0.0,43.0,2015-09-14,38729.35553219179
6763.0,4553.0,6233.0,3283.0,5092.80215890834,7527.850662020697,2423.0,2620.0,4452.0,5675.641840986558,2478.0,3019.0,4713.0,5849.0,3288.0,748.0,8836.31319389207,3213.0,3121.0,5416.0,564.0,9.0,15.0,0.0,0.0,33.0,2015-09-15,89868.60785580767
6810.0,4487.0,6562.0,3122.0,5167.49057024309,7678.338747027705,2481.0,2670.0,4396.0,5664.424953387663,2485.0,2964.0,4847.0,5897.0,3394.0,690.0,9417.60053817058,3057.0,3278.0,5438.0,729.0,9.0,16.0,0.0,0.0,32.0,2015-09-16,91234.85480882903
6652.0,4566.0,6322.0,2991.0,5012.733955990923,7492.507466858992,2490.0,2560.0,4263.0,5114.042839340569,2152.0,2855.0,4687.0,5939.0,3232.0,732.0,9281.680468863728,3029.0,3293.0,5198.0,638.0,9.0,17.0,0.0,0.0,39.0,2015-09-17,88499.9647310542
6391.0,4534.0,6242.0,2490.0,4883.500983840064,7076.621887231424,2244.0,2553.0,4025.0,5297.916870282168,2211.0,2563.0,4715.0,5929.0,3254.0,698.0,9154.13930881035,2761.0,3155.0,4939.0,681.0,9.0,18.0,0.0,0.0,32.0,2015-09-18,85797.179050164
3337.0,2897.0,3425.0,1157.0,2565.053253753524,3502.2613173889417,1159.0,1165.0,1730.0,1813.854584949424,2043.0,1878.0,3184.0,3942.0,1480.0,246.0,5301.354214228944,1563.0,2076.0,1868.0,332.0,9.0,19.0,0.0,0.0,57.0,2015-09-19,46664.523370320836
3042.0,3070.0,2591.0,1252.0,2528.504614347567,3404.014762498612,1083.0,1059.0,1706.0,0.0,1437.0,3001.0,3730.0,4231.0,1482.0,219.0,4345.385179882638,1629.0,2071.0,1757.0,202.0,9.0,20.0,4.2,0.0,44.0,2015-09-20,43839.90455672881
5371.0,3768.0,5474.0,2885.0,4425.265357681926,6567.352006102458,2185.0,2305.0,4059.0,5474.100659220592,1717.0,2321.0,4149.0,5257.0,2841.0,729.0,7929.04152108622,2590.0,2673.0,4886.0,629.0,9.0,21.0,3.8,0.0,31.0,2015-09-21,78234.7595440912
6228.0,4094.0,6096.0,2996.0,4826.58370416347,7213.382591653957,2397.0,2509.0,4270.0,5355.339020725794,1911.0,2728.0,4521.0,5678.0,3159.0,687.0,8535.544999070138,2766.0,2878.0,5159.0,681.0,9.0,22.0,1.3,0.0,31.0,2015-09-22,84688.85031561335
6279.0,4300.0,5959.0,3107.0,4912.919165089995,7317.712699058759,2334.0,2544.0,4294.0,5061.2272951903415,1937.0,2701.0,4688.0,6181.0,3160.0,720.0,8298.15945589764,2748.0,2875.0,5259.0,686.0,9.0,23.0,0.0,0.0,32.0,2015-09-23,85362.01861523674
6520.0,3921.0,5690.0,2912.0,4713.5314533911305,7154.036764498074,2282.0,2226.0,4247.0,4899.173947590851,1608.0,2491.0,4416.0,5460.0,2919.0,670.0,8447.941779742938,2851.0,2792.0,5066.0,646.0,9.0,24.0,3.3,0.0,41.0,2015-09-24,81931.68394522299
5191.0,3215.0,4756.0,1990.0,3869.374891879962,6095.03577287566,1896.0,1771.0,3439.0,3594.5770838232547,1298.0,2014.0,3713.0,4717.0,2230.0,568.0,7620.636374217379,2487.0,2655.0,4325.0,532.0,9.0,25.0,6.9,0.0,32.0,2015-09-25,67976.62412279626
3155.0,2834.0,3170.0,1062.0,2444.2515137236937,3472.538548682484,1103.0,1020.0,1592.0,1251.0,1827.0,1782.0,3090.0,3960.0,1299.0,241.0,5188.006560235751,1453.0,1902.0,1795.0,254.0,9.0,26.0,6.5,0.0,31.0,2015-09-26,43894.79662264192
3325.0,3161.0,3717.0,1162.0,2741.9143181744716,3585.405892483972,1158.0,1261.0,1698.0,1713.0,2719.0,2484.0,3706.0,4230.0,1616.0,199.0,5498.0,1377.0,2103.0,1786.0,209.0,9.0,27.0,3.5,0.0,32.0,2015-09-27,49449.32021065844
4313.0,2537.0,3869.0,2154.0,3343.3927456742617,5543.5136848626435,1662.0,1577.0,3164.0,3131.0,1063.0,1711.0,2827.0,3711.0,1935.0,468.0,7382.0,2023.0,2163.0,3903.0,584.0,9.0,28.0,0.1,0.0,39.0,2015-09-28,59063.90643053691
3318.0,1782.0,3012.0,1677.0,2552.778258063858,4388.937890178758,1281.0,1122.0,2439.0,2423.0,578.0,1187.0,2361.0,3101.0,1427.0,312.0,5662.0,1510.0,1721.0,3066.0,394.0,9.0,29.0,0.0,0.0,44.0,2015-09-29,45314.716148242616
2829.0,1667.0,2520.0,1477.0,2253.247395933077,3838.4743263270766,997.0,878.0,2242.0,2245.0,403.0,1063.0,2100.0,2618.0,1163.0,322.0,5515.0,1404.0,1639.0,2726.0,269.0,9.0,30.0,8.2,0.0,56.0,2015-09-30,40168.721722260154
4950.0,2896.0,4352.0,2189.0,3599.5986351649394,5657.389653058196,1695.0,1744.0,3423.0,3335.0,1091.0,1946.0,3425.0,4349.0,2128.0,516.0,7388.0,2216.0,2435.0,3712.0,496.0,10.0,1.0,8.7,0.0,46.0,2015-10-01,63542.98828822313
4092.0,2706.0,3929.0,1761.0,3200.716516865668,5083.574538849967,1541.0,1379.0,2878.0,2755.0,916.0,1774.0,3152.0,4284.0,1882.0,469.0,6178.0,2076.0,2133.0,3523.0,432.0,10.0,2.0,9.5,0.0,54.0,2015-10-02,56144.291055715636
2019.0,1975.0,2190.0,800.0,1689.4426080669546,2523.328950767073,781.0,537.0,1255.0,1233.0,721.0,880.0,2555.0,3117.0,684.0,135.0,3936.0,1202.0,1547.0,1353.0,163.0,10.0,3.0,9.9,0.0,50.0,2015-10-03,31295.77155883403
1962.0,1938.0,2095.0,798.0,1628.0077693254025,2258.8962589071693,845.0,640.0,1191.0,1142.0,1070.0,1179.0,2295.0,2753.0,805.0,131.0,3529.0,988.0,1300.0,1207.0,147.0,10.0,4.0,8.9,0.0,31.0,2015-10-04,29901.904028232573
4365.0,2575.0,4056.0,2175.0,3397.1097259616918,5533.893844494636,1736.0,1630.0,3261.0,3123.0,1013.0,1735.0,3060.0,4025.0,1985.0,505.0,6417.0,2067.0,2043.0,4075.0,518.0,10.0,5.0,7.9,0.0,31.0,2015-10-05,59295.00357045633
4986.0,2900.0,4566.0,2224.0,3719.24536282487,5917.039331848203,1815.0,1724.0,3411.0,3287.0,1291.0,2046.0,3286.0,4601.0,2140.0,578.0,6794.0,2179.0,2112.0,4211.0,527.0,10.0,6.0,4.8,0.0,35.0,2015-10-06,64314.28469467307
4943.0,3021.0,4555.0,2314.0,3696.5797427751186,5852.187561763891,1769.0,1761.0,3360.0,3330.0,1184.0,1962.0,3393.0,4493.0,1935.0,564.0,7022.0,2202.0,2260.0,4206.0,533.0,10.0,7.0,5.0,0.0,43.0,2015-10-07,64355.76730453901
4710.0,2943.0,4466.0,2126.0,3595.5876253771817,5718.64973909947,1786.0,1656.0,3320.0,3209.0,928.0,1810.0,3355.0,4335.0,2031.0,514.0,6786.0,2129.0,2026.0,4115.0,523.0,10.0,8.0,10.0,0.0,31.0,2015-10-08,62082.23736447665
1538.0,938.0,1486.0,682.0,1233.1089149645745,1974.582110123346,574.0,477.0,1311.0,1283.0,160.0,566.0,1367.0,1872.0,642.0,191.0,2805.0,932.0,1057.0,1421.0,156.0,10.0,9.0,11.3,0.0,32.0,2015-10-09,22665.69102508792
1653.0,1437.0,1904.0,571.0,1376.4606849868883,1999.9820906495097,571.0,488.0,982.0,955.0,811.0,999.0,2043.0,2384.0,659.0,159.0,3155.0,966.0,1204.0,1094.0,124.0,10.0,10.0,11.7,0.0,41.0,2015-10-10,25535.4427756364
1574.0,1436.0,1733.0,585.0,1260.576518071474,1657.0168086389845,567.0,492.0,899.0,876.0,685.0,1010.0,1811.0,2121.0,644.0,126.0,2643.0,787.0,1015.0,936.0,139.0,10.0,11.0,5.2,0.0,48.0,2015-10-11,22996.59332671046
2592.0,2611.0,3105.0,1029.0,2228.814449161915,2762.6078878223752,1058.0,1194.0,1405.0,1367.0,2664.0,2198.0,3013.0,3561.0,1518.0,223.0,4086.0,1051.0,1437.0,1220.0,213.0,10.0,12.0,0.2,0.0,35.0,2015-10-12,40536.422336984295
3457.0,1767.0,3065.0,1500.0,2529.4773665692687,4172.562585513127,1286.0,1178.0,2477.0,2425.0,557.0,1257.0,2249.0,3125.0,1457.0,362.0,4993.0,1507.0,1460.0,2965.0,410.0,10.0,13.0,3.0,0.0,48.0,2015-10-13,44199.0399520824
4321.0,2407.0,3875.0,1909.0,3256.0502289325714,5212.586413332434,1501.0,1417.0,3100.0,3041.0,719.0,1563.0,2895.0,3667.0,1836.0,530.0,6346.0,1748.0,1801.0,3924.0,454.0,10.0,14.0,9.3,0.0,54.0,2015-10-14,55522.636642265
3583.0,2047.0,3274.0,1484.0,2687.1746812818205,4517.972894904531,1075.0,1040.0,2530.0,2489.0,501.0,1221.0,2369.0,3169.0,1422.0,379.0,6386.0,1670.0,1583.0,3043.0,394.0,10.0,15.0,9.9,0.0,54.0,2015-10-15,46864.147576186355
3424.0,2031.0,3144.0,1294.0,2590.5259923420226,4221.185551133588,1187.0,966.0,2406.0,2322.0,600.0,1092.0,2568.0,3271.0,1317.0,443.0,5665.0,1598.0,1698.0,2984.0,331.0,10.0,16.0,9.8,0.0,57.0,2015-10-16,45152.71154347561
963.0,1037.0,1167.0,370.0,838.9178305256107,1044.4819888114089,326.0,293.0,699.0,1455.0,129.0,409.0,1286.0,1493.0,329.0,59.0,2241.0,615.0,853.0,726.0,87.0,10.0,17.0,15.9,1.0,59.0,2015-10-17,16420.39981933702
1062.0,1057.0,1306.0,423.0,964.2852013514198,1452.1773750985428,338.0,324.0,782.0,763.0,252.0,574.0,1436.0,1627.0,422.0,60.0,2832.0,635.0,887.0,815.0,89.0,10.0,18.0,17.8,0.0,35.0,2015-10-18,18100.462576449965
2717.0,1752.0,2555.0,955.0,2182.141922858154,3512.1642511659406,1027.0,910.0,2119.0,2092.0,445.0,1018.0,1981.0,3045.0,1152.0,344.0,4782.0,1295.0,1411.0,2529.0,352.0,10.0,19.0,15.7,0.0,46.0,2015-10-19,38175.306174024096
3750.0,2280.0,3568.0,1322.0,2904.2765612452363,4754.29229226773,1550.0,1276.0,2799.0,2730.0,832.0,1511.0,2550.0,3460.0,1561.0,398.0,6260.0,1632.0,1755.0,3427.0,397.0,10.0,20.0,5.8,0.0,59.0,2015-10-20,50716.56885351297
3717.0,2258.0,3465.0,1391.0,2841.645804093241,4493.672343076325,1273.0,1208.0,2774.0,2728.0,709.0,1441.0,2556.0,3546.0,1561.0,394.0,5964.0,1717.0,1789.0,3198.0,383.0,10.0,21.0,12.7,0.0,31.0,2015-10-21,49407.318147169564
3207.0,1723.0,2909.0,1093.0,2324.4432695590917,3699.1582279954055,1023.0,849.0,2191.0,2154.0,468.0,1046.0,2202.0,2925.0,1173.0,333.0,4946.0,1317.0,1505.0,2677.0,333.0,10.0,22.0,7.8,0.0,63.0,2015-10-22,40097.6014975545
3142.0,2034.0,3048.0,1129.0,2443.507669554479,3982.5277421804794,1088.0,1340.0,2307.0,2271.0,569.0,1192.0,2343.0,3254.0,1311.0,364.0,5416.0,1526.0,1614.0,2722.0,345.0,10.0,23.0,14.1,0.0,39.0,2015-10-23,43441.03541173496
1491.0,1434.0,1750.0,594.0,1279.943081748109,1890.4836617219357,556.0,536.0,1015.0,1015.0,465.0,843.0,1888.0,2273.0,533.0,101.0,3213.0,871.0,1201.0,1026.0,117.0,10.0,24.0,12.7,0.0,56.0,2015-10-24,24092.426743470045
890.0,971.0,1009.0,448.0,783.507621771269,1126.6834964420548,344.0,342.0,646.0,629.0,174.0,380.0,1141.0,1462.0,327.0,65.0,2107.0,528.0,805.0,725.0,81.0,10.0,25.0,9.1,0.0,54.0,2015-10-25,14984.191118213323
3012.0,1930.0,2931.0,1369.0,2475.1049390307703,4053.2633612849068,1114.0,1074.0,2379.0,2372.0,611.0,1201.0,2141.0,3099.0,1368.0,402.0,5484.0,1505.0,1540.0,2940.0,393.0,10.0,26.0,14.8,0.0,37.0,2015-10-26,43393.36830031568
3301.0,2110.0,3222.0,1491.0,2712.354151600318,4295.098048396054,1216.0,1180.0,2737.0,2701.0,761.0,1339.0,2367.0,3381.0,1511.0,385.0,5706.0,1626.0,1773.0,3184.0,422.0,10.0,27.0,14.3,0.0,31.0,2015-10-27,47420.45219999637
1733.0,999.0,1643.0,830.0,1425.0547660906448,2450.534930711638,653.0,631.0,1512.0,1495.0,200.0,581.0,1301.0,1909.0,749.0,174.0,3367.0,956.0,1050.0,1868.0,230.0,10.0,28.0,12.7,0.0,48.0,2015-10-28,25756.589696802283
2249.0,1233.0,2014.0,1043.0,1751.846733271099,2914.0210452240385,789.0,765.0,1876.0,1825.0,230.0,638.0,1671.0,2272.0,861.0,265.0,4024.0,1076.0,1292.0,2170.0,275.0,10.0,29.0,7.1,0.0,83.0,2015-10-29,31233.867778495136
2630.0,1746.0,2632.0,1212.0,2191.136070317837,3565.0405162393367,991.0,960.0,2160.0,2121.0,468.0,1079.0,2127.0,2913.0,1133.0,328.0,4869.0,1450.0,1638.0,2593.0,322.0,10.0,30.0,14.4,0.0,56.0,2015-10-30,39128.17658655717
1396.0,1347.0,1557.0,478.0,1147.2513084826264,1692.4975495652434,506.0,490.0,913.0,896.0,418.0,666.0,1541.0,2049.0,486.0,113.0,3078.0,867.0,1178.0,937.0,103.0,10.0,31.0,15.5,0.0,31.0,2015-10-31,21858.748858047868
529.0,644.0,715.0,227.0,482.42192927716843,713.7283833301324,218.0,218.0,459.0,461.0,41.0,219.0,723.0,1111.0,179.0,43.0,1554.0,410.0,611.0,446.0,50.0,11.0,1.0,8.8,0.0,70.0,2015-11-01,10054.1503126073
3177.0,1975.0,2912.0,1457.0,2515.8227684817634,4083.018441625948,1136.0,1096.0,2455.0,2380.0,571.0,1124.0,2228.0,3198.0,1364.0,351.0,5253.0,1472.0,1434.0,2985.0,451.0,11.0,2.0,10.0,0.0,41.0,2015-11-02,43617.84121010771
3738.0,2279.0,3378.0,1558.0,2830.418782755714,4586.836107161658,1285.0,1242.0,2630.0,2641.0,785.0,1264.0,2502.0,3511.0,1533.0,396.0,5939.0,1678.0,1742.0,3316.0,441.0,11.0,3.0,7.9,0.0,35.0,2015-11-03,49275.25488991737
3757.0,2351.0,3464.0,1704.0,2854.286371003427,4599.557633330825,1334.0,1296.0,2747.0,2837.0,809.0,1341.0,2482.0,3584.0,1606.0,399.0,6079.0,1735.0,1823.0,3184.0,381.0,11.0,4.0,10.5,0.0,31.0,2015-11-04,50366.844004334256
3774.0,2407.0,3513.0,1694.0,2886.514791227538,4671.063706153659,1334.0,1293.0,2820.0,3072.0,804.0,1299.0,2426.0,3590.0,1537.0,372.0,6258.0,1772.0,1855.0,3313.0,375.0,11.0,5.0,7.3,0.0,31.0,2015-11-05,51065.5784973812
2613.0,1477.0,2334.0,1025.0,1972.2487935628835,3193.6377953928995,879.0,853.0,1935.0,2395.0,301.0,701.0,2130.0,2675.0,1016.0,271.0,4522.0,1205.0,1430.0,2234.0,309.0,11.0,6.0,3.3,0.0,70.0,2015-11-06,35470.88658895578
1879.0,1481.0,1838.0,595.0,1324.0896066812832,1794.884929563847,606.0,593.0,1076.0,1326.0,491.0,707.0,1719.0,2251.0,590.0,120.0,2688.0,923.0,1215.0,1163.0,124.0,11.0,7.0,11.2,0.0,46.0,2015-11-07,24503.97453624513
1240.0,1254.0,1470.0,514.0,999.0188242560012,1180.7034190661952,452.0,436.0,787.0,2121.0,334.0,566.0,1301.0,1920.0,367.0,79.0,2302.0,704.0,989.0,812.0,95.0,11.0,8.0,14.9,0.0,41.0,2015-11-08,19922.722243322198
2972.0,1855.0,2857.0,1327.0,2333.7177757288487,3357.374451932104,1076.0,1043.0,2360.0,3604.0,500.0,1055.0,2370.0,3005.0,1226.0,321.0,4057.0,1500.0,1376.0,2758.0,377.0,11.0,9.0,11.2,0.0,43.0,2015-11-09,41330.09222766095
3385.0,2006.0,3018.0,1491.0,2538.3984663553724,3663.0,1201.0,1164.0,2508.0,3772.0,671.0,1144.0,2435.0,3293.0,1449.0,336.0,4214.0,1638.0,1640.0,3002.0,377.0,11.0,10.0,11.6,0.0,32.0,2015-11-10,44945.39846635537
3044.0,1931.0,2828.0,1393.0,2351.5667717078313,3603.0,1754.0,1142.0,2342.0,3997.0,458.0,950.0,2328.0,3280.0,1210.0,338.0,4065.0,1534.0,1527.0,2860.0,356.0,11.0,11.0,10.6,0.0,31.0,2015-11-11,43291.56677170783
1751.0,930.0,1670.0,888.0,1321.2614853822163,2048.0,700.0,675.0,1566.0,2945.0,152.0,467.0,1345.0,1877.0,755.0,180.0,2336.0,960.0,955.0,1777.0,198.0,11.0,12.0,8.9,0.0,63.0,2015-11-12,25496.261485382216
1818.0,906.0,1711.0,873.0,1396.0724265529109,2115.0,634.0,477.0,1522.0,1693.0,150.0,482.0,1416.0,1980.0,719.0,204.0,2628.0,978.0,1040.0,1727.0,258.0,11.0,13.0,12.8,0.0,48.0,2015-11-13,24727.07242655291
979.0,759.0,978.0,322.0,728.3601232233918,1112.0,290.0,310.0,601.0,604.0,98.0,266.0,1061.0,1448.0,269.0,70.0,1876.0,640.0,805.0,737.0,73.0,11.0,14.0,16.0,0.0,50.0,2015-11-14,14026.360123223392
913.0,749.0,1028.0,348.0,729.667716153853,1128.0,303.0,224.0,666.0,663.0,224.0,380.0,1094.0,1491.0,321.0,64.0,1913.0,537.0,804.0,685.0,63.0,11.0,15.0,14.0,0.0,39.0,2015-11-15,14327.667716153854
