check_point0,check_point1,check_point2,check_point3,check_point4,check_point5,check_point6,check_point7,check_point8,check_point9,check_point10,check_point11,check_point12,check_point13,check_point14,check_point15,check_point16,check_point17,check_point18,check_point19,check_point20,month,day,heat_deg_days_c,total_snow_cm,spd_of_max_gust_kmPerhr,date
58.0,12.0,4.0,17.0,33.0,49.0,21.0,16.0,16.0,1362.7595620466354,7.0,239.9975921482178,58.0,91.0,24.0,3.0,815.3680168792765,17.0,78.0,21.0,6.0,1.0,1.0,23.3,1.8,63.0,2015-01-01
75.0,7.0,5.0,15.0,30.0,113.0,27.0,9.0,32.0,1186.465006848171,11.0,43.02416827949446,109.0,177.0,32.0,13.0,863.8153943462069,11.0,57.0,77.0,4.0,1.0,2.0,26.8,0.0,50.0,2015-01-02
79.0,7.0,3.0,7.0,30.0,107.0,36.0,12.0,18.0,1119.5047999576334,2.0,47.099414319864536,71.0,131.0,33.0,5.0,1024.8358604323257,14.0,174.0,40.0,5.0,1.0,3.0,31.1,17.0,41.0,2015-01-03
10.0,1.0,21.0,0.0,10.0,35.0,29.0,1.0,0.0,1290.4094387485054,0.0,242.42259980899235,6.0,11.0,6.0,1.0,823.1102960396229,1.0,20.0,6.0,0.0,1.0,4.0,20.8,0.4,69.0,2015-01-04
42.0,0.0,2.0,0.0,27.0,90.0,21.0,1.0,1.0,1100.340086373418,6.0,158.49174267739863,0.0,5.0,49.0,20.0,932.3143616612753,0.0,41.0,56.0,10.0,1.0,5.0,29.6,0.0,74.0,2015-01-05
101.0,0.0,1.0,1.0,62.0,153.0,38.0,3.0,22.0,1025.8254917626664,1.0,342.33713401736804,1.0,12.0,64.0,23.0,1056.792698894646,29.0,121.0,91.0,5.0,1.0,6.0,31.9,2.2,32.0,2015-01-06
121.0,15.0,5.0,3.0,38.0,144.0,35.0,1.0,43.0,1022.4618207488447,0.0,46.185990344749825,11.0,24.0,40.0,3.0,1158.654350064684,5.0,120.0,63.0,4.0,1.0,7.0,35.7,3.8,48.0,2015-01-07
70.0,0.0,36.0,0.0,39.0,139.0,36.0,4.0,55.0,1101.2120143730763,0.0,67.01909093391805,38.0,67.0,21.0,7.0,1080.8092050508787,1.0,83.0,78.0,2.0,1.0,8.0,35.5,2.2,50.0,2015-01-08
88.0,3.0,5.0,0.0,55.0,135.0,26.0,12.0,46.0,1146.778072564972,1.0,308.18675247364763,26.0,63.0,14.0,10.0,1078.846657236494,1.0,166.0,79.0,1.0,1.0,9.0,28.4,2.6,57.0,2015-01-09
29.0,7.0,6.0,0.0,24.0,70.0,17.0,3.0,20.0,1217.91163536956,0.0,216.53360979318632,15.0,29.0,0.0,7.0,925.8001699361791,0.0,32.0,41.0,1.0,1.0,10.0,29.2,0.4,50.0,2015-01-10
66.0,4.0,2.0,4.0,16.0,89.0,27.0,3.0,15.0,1092.771817014986,0.0,34.14871642818571,20.0,27.0,11.0,5.0,999.5682447994102,0.0,38.0,32.0,2.0,1.0,11.0,26.2,0.0,37.0,2015-01-11
183.0,4.0,4.0,16.0,86.0,323.0,62.0,7.0,62.0,566.2410385794317,0.0,57.68028033972814,17.0,99.0,63.0,22.0,1336.1312102364482,0.0,84.0,157.0,15.0,1.0,12.0,27.4,4.2,41.0,2015-01-12
183.0,2.0,9.0,17.0,75.0,250.0,41.0,9.0,77.0,800.8077746659837,7.0,45.76494075117216,10.0,115.0,15.0,26.0,1241.918335184024,0.0,72.0,137.0,20.0,1.0,13.0,38.1,0.0,31.0,2015-01-13
183.0,2.0,6.0,33.0,84.0,276.0,48.0,16.0,81.0,764.6997081194861,3.0,67.99878339072939,7.0,166.0,19.0,39.0,1234.319898969414,0.0,98.0,153.0,11.0,1.0,14.0,36.9,0.0,31.0,2015-01-14
183.0,1.0,7.0,32.0,86.0,297.0,52.0,17.0,59.0,772.6198102492722,0.0,55.426054896182904,9.0,198.0,28.0,25.0,1153.311198714491,0.0,62.0,189.0,8.0,1.0,15.0,30.8,0.8,35.0,2015-01-15
177.0,5.0,2.0,7.0,108.0,280.0,50.0,14.0,62.0,839.0586328058075,4.0,533.1761589108305,15.0,199.0,28.0,23.0,1096.913798683994,0.0,92.0,133.0,8.0,1.0,16.0,29.3,1.4,61.0,2015-01-16
48.0,2.0,0.0,0.0,46.0,75.0,22.0,3.0,10.0,1234.0318503326903,0.0,524.9489885544263,1.0,83.0,5.0,9.0,850.0552941870138,0.0,36.0,24.0,0.0,1.0,17.0,37.4,0.0,32.0,2015-01-17
84.0,1.0,4.0,2.0,52.0,108.0,34.0,6.0,17.0,1180.576167225086,1.0,363.7326640610113,2.0,127.0,22.0,16.0,857.61790782873,0.0,30.0,46.0,5.0,1.0,18.0,24.3,4.4,41.0,2015-01-18
256.0,1.0,1.0,14.0,130.0,321.0,65.0,6.0,55.0,783.9336278155472,0.0,381.9724863863753,15.0,245.0,86.0,37.0,1146.1668718359297,0.0,167.0,178.0,11.0,1.0,19.0,24.1,1.0,50.0,2015-01-19
262.0,3.0,6.0,20.0,134.0,302.0,47.0,21.0,58.0,814.4220480036097,3.0,335.28744273765824,76.0,243.0,70.0,32.0,1202.5857333480017,0.0,201.0,164.0,23.0,1.0,20.0,34.0,0.0,44.0,2015-01-20
242.0,2.0,4.0,36.0,154.0,328.0,41.0,13.0,70.0,811.4273060639111,4.0,471.27265410865857,117.0,280.0,64.0,32.0,1228.7558600369557,2.0,221.0,188.0,32.0,1.0,21.0,33.7,0.0,31.0,2015-01-21
278.0,17.0,5.0,52.0,185.0,382.0,52.0,35.0,63.0,731.6054194052945,3.0,516.5630113437078,137.0,313.0,103.0,49.0,1223.6970348895247,1.0,221.0,245.0,43.0,1.0,22.0,31.7,0.0,31.0,2015-01-22
307.0,8.0,7.0,45.0,196.0,355.0,50.0,22.0,62.0,856.6401164744238,2.0,714.1350732660617,135.0,332.0,123.0,56.0,1052.3592076626023,0.0,179.0,206.0,26.0,1.0,23.0,24.3,0.0,56.0,2015-01-23
163.0,1.0,5.0,14.0,104.0,170.0,33.0,6.0,14.0,1116.4610896148072,5.0,455.14869455015605,124.0,200.0,40.0,15.0,954.7313478254473,0.0,136.0,82.0,13.0,1.0,24.0,19.8,0.4,39.0,2015-01-24
81.0,0.0,1.0,6.0,61.0,95.0,17.0,7.0,11.0,1252.4610522862881,0.0,320.91213779338705,65.0,157.0,34.0,8.0,912.3154131542285,0.0,133.0,50.0,16.0,1.0,25.0,27.7,0.0,52.0,2015-01-25
234.0,3.0,6.0,36.0,157.0,340.0,32.0,24.0,50.0,710.1472704829787,2.0,379.33716358055017,116.0,310.0,108.0,47.0,1250.4154245899492,2.0,258.0,194.0,44.0,1.0,26.0,36.1,0.0,48.0,2015-01-26
276.0,1.0,2.0,51.0,165.0,320.0,57.0,20.0,64.0,868.6611728720932,1.0,373.69943985820055,135.0,276.0,99.0,46.0,1219.269473978241,3.0,263.0,205.0,43.0,1.0,27.0,30.9,1.2510294714798549,31.0,2015-01-27
335.0,0.0,12.0,51.0,178.0,384.0,60.0,16.0,45.0,647.9509261014687,0.0,377.96203623723477,118.0,338.0,106.0,49.0,1240.0734722780649,10.0,244.0,210.0,36.0,1.0,28.0,29.9,0.0,31.0,2015-01-28
327.0,10.0,38.0,65.0,207.0,437.0,66.0,19.0,48.0,601.4877029205734,3.0,586.9782910457247,156.0,386.0,139.0,48.0,1225.2736040735695,11.0,245.0,231.0,34.0,1.0,29.0,26.2,3.4,46.0,2015-01-29
181.0,1.0,3.0,9.0,132.0,294.0,57.0,15.0,47.0,832.9305936655815,1.0,472.91301973583404,99.0,233.0,98.0,23.0,1137.6128608413546,7.0,155.0,145.0,11.0,1.0,30.0,28.4,4.8,39.0,2015-01-30
65.0,3.0,0.0,2.0,35.0,95.0,20.0,8.0,5.0,1115.4227439297695,1.0,87.21154845956198,57.0,115.0,16.0,8.0,1036.4497530653064,3.0,141.0,38.0,3.0,1.0,31.0,36.8,0.0,41.0,2015-01-31
54.0,2.0,2.0,6.0,32.0,67.0,18.0,13.0,13.0,1253.104151638342,1.0,205.48393940752294,49.0,127.0,17.0,5.0,903.210884243056,6.0,124.0,27.0,3.0,2.0,1.0,35.2,0.0,35.0,2015-02-01
127.0,0.0,53.0,10.0,70.0,182.0,48.0,12.0,43.0,1053.0998630663587,0.0,229.83663139143437,57.0,144.0,39.0,4.0,1393.0761616464756,6.0,529.0,94.0,12.0,2.0,2.0,37.9,6.8,56.0,2015-02-02
203.0,0.0,45.0,26.0,93.0,273.0,63.0,10.0,46.0,799.6100221147565,0.0,118.71331377778961,65.0,190.0,33.0,16.0,1532.4253784166724,6.0,550.0,145.0,10.0,2.0,3.0,34.5,0.6,31.0,2015-02-03
263.0,1.0,18.0,12.0,88.0,288.0,57.0,14.0,60.0,790.2370071939113,1.0,37.6929843501016,88.0,231.0,33.0,9.0,1320.5261587572459,23.0,308.0,144.0,10.0,2.0,4.0,24.6,7.0,31.0,2015-02-04
236.0,0.0,85.0,4.0,138.0,280.0,44.0,12.0,32.0,905.9289001427423,3.0,433.68557356377505,140.0,293.0,62.0,33.0,1107.899749772048,19.0,246.0,162.0,13.0,2.0,5.0,32.7,0.2,32.0,2015-02-05
193.0,1.0,36.0,8.0,114.0,261.0,57.0,24.0,36.0,943.9642479069948,0.0,369.24355662419975,82.0,251.0,67.0,17.0,1214.0997618397198,15.0,358.0,157.0,15.0,2.0,6.0,35.1,2.4,31.0,2015-02-06
79.0,3.0,1.0,1.0,48.0,106.0,18.0,2.0,14.0,1149.439359745883,0.0,263.8786419942012,43.0,104.0,26.0,10.0,971.5354288806495,8.0,118.0,54.0,4.0,2.0,7.0,33.2,0.2,33.0,2015-02-07
36.0,3.0,0.0,0.0,10.0,57.0,11.0,2.0,5.0,1193.1519296590627,0.0,55.41567800846178,19.0,51.0,9.0,0.0,1130.4488678049192,2.0,299.0,24.0,1.0,2.0,8.0,34.2,8.6,65.0,2015-02-08
120.0,3.0,13.0,0.0,63.0,205.0,52.0,0.0,40.0,1012.3271414123542,0.0,53.69367408835433,52.0,174.0,54.0,4.0,1192.6431290422693,2.0,273.0,134.0,5.0,2.0,9.0,31.7,0.4,59.0,2015-02-09
260.0,2.0,8.0,0.0,156.0,333.0,58.0,0.0,42.0,663.0584196051316,0.0,433.8395096289737,117.0,234.0,95.0,42.0,1462.7164550014459,0.0,454.0,183.0,47.0,2.0,10.0,29.0,0.2,32.0,2015-02-10
300.0,0.0,7.0,0.0,166.0,350.0,73.0,0.0,64.0,754.338263964514,3.0,472.0688376513367,134.0,248.0,105.0,28.0,1348.3088469989375,0.0,343.0,194.0,24.0,2.0,11.0,32.3,2.2,33.0,2015-02-11
226.0,15.0,16.0,1.0,94.0,289.0,48.0,0.0,48.0,745.1833551036257,0.0,48.236163956140444,112.0,210.0,86.0,18.0,1323.764294140561,8.0,275.0,158.0,14.0,2.0,12.0,30.8,5.0,43.0,2015-02-12
163.0,3.0,37.0,3.0,96.0,218.0,36.0,13.0,42.0,1051.270756894549,0.0,396.27367781238036,47.0,159.0,79.0,12.0,1084.5696644080358,68.0,213.0,129.0,8.0,2.0,13.0,38.9,0.0,43.0,2015-02-13
53.0,0.0,13.0,1.0,33.0,79.0,12.0,5.0,5.0,1205.23187832268,0.0,278.97718345111616,20.0,92.0,16.0,2.0,899.1438099657657,24.0,78.0,28.0,4.0,2.0,14.0,35.4,1.2,50.0,2015-02-14
68.0,0.0,5.0,0.0,34.0,103.0,19.0,2.0,6.0,1288.829311155593,2.0,71.9144952202796,41.0,505.0,19.0,3.0,608.8130985925843,11.0,48.0,29.0,7.0,2.0,15.0,35.9,0.0,57.0,2015-02-15
193.0,0.0,11.0,11.0,103.0,231.0,47.0,13.0,45.0,948.2893971722897,0.0,291.750430113902,62.0,211.0,82.0,32.0,1041.1014157198765,39.0,132.0,119.0,24.0,2.0,16.0,38.2,0.0,50.0,2015-02-16
250.0,0.0,43.0,29.0,117.0,270.0,63.0,14.0,55.0,968.7794748655647,0.0,122.28435524965289,92.0,251.0,91.0,34.0,1041.8564514917657,76.0,133.0,175.0,28.0,2.0,17.0,36.6,0.0,31.0,2015-02-17
261.0,0.0,19.0,30.0,169.0,322.0,71.0,18.0,45.0,974.8138838641853,3.0,695.4974272693166,126.0,255.0,105.0,24.0,1037.995702983548,85.0,214.0,211.0,31.0,2.0,18.0,32.3,0.2,31.0,2015-02-18
224.0,0.0,12.0,8.0,69.0,236.0,57.0,11.0,38.0,968.2372115149988,1.0,53.95162634747021,59.0,215.0,86.0,0.0,1120.3470416856599,12.0,225.0,146.0,14.0,2.0,19.0,31.3,6.0,57.0,2015-02-19
137.0,0.0,10.0,0.0,65.0,181.0,34.0,6.0,30.0,995.9838188723297,0.0,235.6290223235137,17.0,91.0,30.0,3.0,1111.7682678012297,2.0,124.0,96.0,15.0,2.0,20.0,35.1,1.6,59.0,2015-02-20
59.0,0.0,10.0,0.0,43.0,89.0,17.0,2.0,2.0,1176.2741466168668,3.0,344.41013492881484,23.0,55.0,4.0,4.0,960.8262560676313,16.0,91.0,46.0,6.0,2.0,21.0,30.6,4.0,31.0,2015-02-21
94.0,0.0,0.0,0.0,52.0,84.0,8.0,0.0,0.0,1205.8394029911562,0.0,409.5982270917357,23.0,63.0,22.0,3.0,949.858208944012,10.0,126.0,25.0,3.0,2.0,22.0,25.6,1.2,50.0,2015-02-22
170.0,0.0,0.0,0.0,112.0,238.0,42.0,0.0,0.0,892.5938614205086,0.0,584.6585569756894,57.0,221.0,51.0,29.0,965.529222375085,0.0,107.0,130.0,4.0,2.0,23.0,35.9,0.0,50.0,2015-02-23
241.0,0.0,7.0,0.0,105.0,247.0,56.0,3.0,0.0,914.4945504319751,0.0,117.74387762478136,62.0,255.0,75.0,40.0,1037.9143445174104,2.0,190.0,192.0,8.0,2.0,24.0,35.1,0.0,41.0,2015-02-24
252.0,0.0,20.0,1.0,136.0,301.0,62.0,2.0,0.0,664.7387495876392,0.0,338.7974572036396,84.0,61.0,104.0,40.0,1288.4460124732495,3.0,196.0,196.0,30.0,2.0,25.0,29.1,0.8,31.0,2015-02-25
250.0,0.0,4.0,12.0,130.0,261.0,62.0,4.0,0.0,768.7578728685596,0.0,420.88933842338747,78.0,25.0,90.0,39.0,1262.9290946723117,5.0,223.0,168.0,24.0,2.0,26.0,35.1,0.0,31.0,2015-02-26
248.0,0.0,5.0,1.0,162.0,249.0,65.0,14.0,0.0,941.7595575131934,0.0,916.6239015013334,86.0,149.0,99.0,43.0,1051.5949145678578,4.0,242.0,140.0,24.0,2.0,27.0,33.7,0.0,46.0,2015-02-27
119.0,0.0,2.0,0.0,80.0,119.0,44.0,3.0,0.0,1210.0443136434842,0.0,548.5178226125818,69.0,144.0,19.0,10.0,911.99184335198,6.0,150.0,56.0,6.0,2.0,28.0,29.3,0.0,44.0,2015-02-28
96.0,0.0,0.0,1.0,65.0,110.0,22.0,7.0,0.0,1185.4306518974133,0.0,467.81550774558355,56.0,144.0,27.0,8.0,904.6853381233823,6.0,151.0,53.0,9.0,3.0,1.0,28.4,0.2,31.0,2015-03-01
222.0,0.0,4.0,16.0,133.0,318.0,51.0,9.0,1.0,639.0368508711233,0.0,435.5549717600293,102.0,228.0,111.0,41.0,1108.6277543333485,18.0,180.0,157.0,24.0,3.0,2.0,25.2,1.0,67.0,2015-03-02
274.0,0.0,6.0,29.0,61.0,350.0,61.0,12.0,0.0,358.87950064612505,0.0,77.10904670248692,106.0,244.0,111.0,47.0,1183.1091738580033,18.0,190.0,187.0,27.0,3.0,3.0,29.4,6.0,43.0,2015-03-03
247.0,0.0,31.0,0.0,120.88239691906529,317.0,57.0,7.0,1.0,650.3015073984398,0.0,242.20726012311343,139.0,285.0,102.0,21.0,1087.8463084294365,5.0,137.0,143.0,24.0,3.0,4.0,20.0,0.0,61.0,2015-03-04
281.0,0.0,63.0,0.0,145.2113750008507,343.0,68.0,14.0,29.0,677.6369901262392,0.0,265.9185021116341,120.0,328.0,117.0,52.0,1139.9769467556407,37.0,217.0,192.0,35.0,3.0,5.0,30.2,0.6,41.0,2015-03-05
192.0,0.0,6.0,2.0,112.1414866653513,283.0,74.0,7.0,11.0,734.7850835313714,0.0,271.3965032602241,107.0,277.0,95.0,39.0,1176.3252113454218,56.0,308.0,148.0,48.0,3.0,6.0,31.8,0.0,50.0,2015-03-06
98.0,0.0,6.0,7.0,58.05358134751691,140.0,29.0,5.0,8.0,1065.9209646776167,0.0,219.07617638711827,101.0,184.0,33.0,14.0,1105.4894777301156,58.0,329.0,52.0,10.0,3.0,7.0,25.8,0.4,41.0,2015-03-07
83.0,0.0,1.0,3.0,44.17335474374431,139.0,26.0,5.0,4.0,1035.8071508833636,0.0,188.47968948673906,71.0,157.0,21.0,8.0,992.3595768583034,64.0,161.0,47.0,5.0,3.0,8.0,21.4,0.8,37.0,2015-03-08
350.0,0.0,12.0,6.0,188.19494010258768,475.0,74.0,12.0,18.0,415.15762976358155,0.0,274.68188672609176,220.0,442.0,143.0,62.0,1188.7252810088585,175.0,299.0,281.0,57.0,3.0,9.0,18.5,1.8,52.0,2015-03-09
516.0,0.0,15.0,61.0,268.0630836747566,757.0,149.0,23.0,36.0,0.0,0.0,305.94301781141166,294.0,541.0,180.0,78.0,1521.2011529972115,309.0,469.0,433.0,68.0,3.0,10.0,16.1,0.0,33.0,2015-03-10
692.0,0.0,26.0,214.0,355.89427691346077,888.0,230.0,22.0,69.0,0.0,0.0,379.2350688843494,489.0,718.0,237.0,102.0,1452.9597193803609,384.0,574.0,505.0,93.0,3.0,11.0,14.2,0.0,54.0,2015-03-11
481.0,0.0,31.0,219.0,277.15378012530755,762.0,123.0,19.0,35.0,25.84763379559263,2.0,375.62550495255437,326.0,618.0,183.0,63.0,1378.1352544384072,330.0,485.0,449.0,66.0,3.0,12.0,22.6,0.0,57.0,2015-03-12
401.0,0.0,35.0,199.0,241.39554830874454,610.0,156.0,27.0,44.0,470.14322115499886,1.0,346.7128581832935,328.0,535.0,168.0,63.0,1212.8122220695766,315.0,480.0,392.0,56.0,3.0,13.0,24.0,0.0,31.0,2015-03-13
156.0,0.0,17.0,56.0,97.9324834887368,249.0,70.0,12.0,18.0,1021.4840682858764,0.0,218.59590350659118,190.0,279.0,42.0,12.0,1021.5097211836788,124.0,276.0,151.0,14.0,3.0,14.0,19.5,7.4,44.0,2015-03-14
100.0,0.0,17.0,0.0,42.65526383117253,95.0,17.0,1.0,0.0,1162.6924565756335,0.0,186.53295068194257,66.0,100.0,26.0,6.0,900.3871276192557,19.0,64.0,34.0,5.0,3.0,15.0,22.1,2.0,54.0,2015-03-15
327.0,0.0,27.0,1.0,183.45714357482302,483.0,84.0,7.0,1.0,316.9136786519041,0.0,277.889763175418,217.0,354.0,139.0,46.0,1324.589691644194,77.0,288.0,285.0,23.0,3.0,16.0,22.6,0.0,31.0,2015-03-16
360.0,0.0,10.0,79.0,192.93111276127593,516.0,93.0,9.0,1.0,374.6580104462346,0.0,310.19703391997336,227.0,409.0,144.0,53.0,1207.817800000495,182.0,336.0,309.0,32.0,3.0,17.0,21.2,1.8,72.0,2015-03-17
377.0,0.0,5.0,103.0,209.12710511202295,532.0,101.0,14.0,0.0,382.2567776169135,0.0,329.59405517570167,241.0,463.0,134.0,57.0,1158.4336523374325,136.0,286.0,342.0,46.0,3.0,18.0,26.5,0.0,57.0,2015-03-18
435.0,0.0,1.0,0.0,221.50034989459436,608.0,115.0,19.0,1.0,96.71897867571215,0.0,320.90107560973274,236.0,465.0,163.0,68.0,1344.8225599571153,224.0,385.0,367.0,38.0,3.0,19.0,25.4,0.0,50.0,2015-03-19
523.0,0.0,1.0,0.0,258.5622601086566,686.0,156.0,27.0,12.0,0.0,0.0,311.33912368148594,385.0,521.0,159.0,71.0,1403.5825769985934,279.0,387.0,381.0,47.0,3.0,20.0,21.4,0.0,32.0,2015-03-20
202.0,0.0,0.0,0.0,85.57821436725317,204.0,51.0,5.0,6.0,1000.7687692069451,0.0,224.45604855333977,140.0,247.0,48.0,17.0,959.2954322526654,119.0,199.0,88.0,16.0,3.0,21.0,22.3,3.8,67.0,2015-03-21
110.0,0.0,1.0,0.0,51.51646312283515,107.0,24.0,1.0,2.0,1141.4314228116134,0.0,216.86717717130932,87.0,180.0,35.0,7.0,935.9261598302643,70.0,150.0,21.0,13.0,3.0,22.0,30.2,1.3500089751237951,31.0,2015-03-22
342.0,0.0,0.0,0.0,179.85695950993022,420.0,86.0,18.0,5.0,566.3664937828203,0.0,309.86619033480383,199.0,387.0,160.0,59.0,1162.8982378185233,171.0,342.0,263.0,48.0,3.0,23.0,29.0,0.0,46.0,2015-03-23
536.0,0.0,4.0,0.0,290.3718655032694,731.0,141.0,45.0,0.0,0.0,0.0,352.54970268157103,487.0,581.0,201.0,74.0,1460.1517502628585,281.0,460.0,409.0,50.0,3.0,24.0,24.7,0.0,31.0,2015-03-24
658.0,0.0,1.0,0.0,345.80874572594144,906.0,230.0,37.0,0.0,0.0,0.0,395.7610623360956,470.0,772.0,265.0,70.0,1420.352877952772,374.0,571.0,579.0,72.0,3.0,25.0,18.9,0.0,48.0,2015-03-25
530.0,0.0,10.0,0.0,291.9766360789338,841.0,197.0,36.0,0.0,0.0,0.0,347.27277454158957,364.0,646.0,209.0,18.0,1430.4530867175,372.0,484.0,561.0,82.0,3.0,26.0,14.8,0.0,46.0,2015-03-26
502.0,0.0,9.0,0.0,243.60289676527304,643.0,147.0,42.0,0.0,236.90164701365939,0.0,331.1272283801418,340.0,613.0,182.0,14.0,1325.4571873886746,284.0,502.0,363.0,46.0,3.0,27.0,19.7,3.6,35.0,2015-03-27
313.0,0.0,8.0,54.0,168.99916049214335,384.0,78.0,19.0,0.0,789.8309129003885,3.0,307.699977844587,354.0,503.0,109.0,2.0,1062.8041080285402,211.0,385.0,184.0,22.0,3.0,28.0,23.6,0.0,37.0,2015-03-28
375.0,0.0,13.0,0.0,194.48075780244244,484.0,123.0,35.0,0.0,520.0979361788486,3.0,316.5148173362836,421.0,570.0,127.0,3.0,1160.5841951762718,256.0,419.0,213.0,22.0,3.0,29.0,21.3,0.0,44.0,2015-03-29
439.0,0.0,21.0,156.0,246.2051346423723,637.0,141.0,47.0,0.0,376.9349445329317,1.0,358.357309191425,304.0,531.0,187.0,25.0,1287.7386055960883,251.0,512.0,410.0,58.0,3.0,30.0,16.3,1.0,59.0,2015-03-30
729.0,0.0,20.0,449.0,418.5071821579513,1074.0,242.0,101.0,0.0,0.0,9.0,542.5957274110679,593.0,1018.0,306.0,3.0,1284.494501237104,412.0,698.0,664.0,91.0,3.0,31.0,19.4,0.0,44.0,2015-03-31
989.0,0.0,281.0,594.0,584.3340894145022,1380.0,272.0,148.0,446.0,307.61974286636996,16.0,481.9009512910693,763.0,1197.0,343.0,33.0,1851.5297732891488,568.0,853.0,834.0,100.0,4.0,1.0,20.4,0.0,43.0,2015-04-01
870.0,0.0,397.0,601.0,647.1823124279038,1429.0,337.0,143.0,825.0,692.6269323171523,38.0,316.51404457313083,807.0,1222.0,396.0,142.10033333393676,2239.540352947961,707.0,879.0,839.0,162.0,4.0,2.0,14.3,0.0,41.0,2015-04-02
993.0,905.0,925.0,520.0,714.4987722219014,1323.0,344.0,199.0,722.0,1332.750228987447,226.0,581.2465602071165,1289.0,1773.0,443.0,35.553652470687666,2526.2939492330916,662.0,1002.0,597.0,66.0,4.0,3.0,9.0,0.0,48.0,2015-04-03
189.0,156.0,60.0,55.0,158.22009758443505,338.0,78.0,29.0,136.0,1004.7883943548427,5.0,194.49357643133362,323.0,455.0,65.0,33.695353282684664,1289.5176804153018,140.0,304.0,147.0,18.0,4.0,4.0,17.5,4.4,56.0,2015-04-04
228.0,218.0,65.0,114.0,183.57704036074188,379.0,106.0,43.0,234.0,1286.8358082068294,19.0,258.5288776288262,365.0,500.0,114.0,11.288416314711867,1360.4261517021037,238.0,381.0,174.0,24.0,4.0,5.0,20.2,0.0,52.0,2015-04-05
398.0,282.0,279.0,235.0,318.76861008595006,653.0,175.0,84.0,404.0,1299.2615634601143,20.0,291.0198239154929,468.0,729.0,192.0,39.333658061507776,1680.9343999616563,301.0,509.0,377.0,47.0,4.0,6.0,19.7,0.6,32.0,2015-04-06
1294.0,759.0,841.0,873.0,875.4414758752848,1904.0,400.0,288.0,1075.0,1053.8507705619568,67.0,482.57306662894644,1001.0,1443.0,505.0,14.494574408442531,3404.92492316646,778.0,1116.0,1174.0,136.0,4.0,7.0,17.1,0.0,39.0,2015-04-07
1430.0,709.0,985.0,883.0,889.1176796116454,1883.0,443.0,373.0,1132.0,1418.3249081584363,29.0,428.6819112059993,772.0,1476.0,580.0,43.84552211954906,3257.3897112074933,801.0,1203.0,1173.0,135.0,4.0,8.0,16.6,3.2,39.0,2015-04-08
1498.0,831.0,1025.0,882.0,944.8480021443568,1994.0,486.0,336.0,1172.0,1530.4912374771084,43.0,460.3006566893023,917.0,1664.0,526.0,44.13149104786771,3161.4688737009706,871.0,1057.0,1339.0,165.0,4.0,9.0,14.4,0.0,56.0,2015-04-09
795.0,446.0,610.0,382.0,562.5437656292092,1133.0,255.0,165.0,715.0,1345.39496551901,14.0,316.14706524285384,812.0,979.0,271.0,49.217143449771356,2412.9879995867104,526.0,773.0,716.0,90.0,4.0,10.0,10.7,0.0,76.0,2015-04-10
779.0,831.0,943.0,467.0,540.0480237679981,1055.0,316.0,217.0,636.0,1674.9789727330672,121.0,503.67837201343764,637.0,1355.0,298.0,51.473824921071355,2378.412732527366,569.0,1011.0,567.0,70.0,4.0,11.0,12.5,0.0,67.0,2015-04-11
1699.0,2083.0,2141.0,853.0,1154.2611314025187,1612.0,704.0,667.0,1078.0,3253.7204372565357,589.0,1089.0295212541837,2264.0,2500.0,777.0,43.73037946154636,3264.9160175846705,844.0,1630.0,806.0,75.0,4.0,12.0,8.4,0.0,43.0,2015-04-12
2990.0,2394.0,3047.0,1768.0,2012.5235764995525,3636.0,1139.0,1182.0,2332.0,3117.466534429699,439.0,1191.611264856479,2233.0,3328.0,1522.0,174.63390144328423,5487.258952962171,1521.0,2303.0,2389.0,327.0,4.0,13.0,5.9,0.0,70.0,2015-04-13
2890.0,2214.0,2880.0,1694.0,1869.736432896392,3561.0,1049.0,1028.0,2199.0,2567.424754528376,306.0,1025.0127220695972,2025.0,3051.0,1274.0,125.89755582846101,5498.384845141045,1584.0,2156.0,2277.0,292.0,4.0,14.0,6.9,0.0,61.0,2015-04-14
3449.0,2412.0,3305.0,1720.0,2160.9881148529503,3986.0,1118.0,1283.0,2500.0,2758.8887368536034,483.0,1219.5827184589484,2330.0,3291.0,1551.0,139.24731079271442,6350.295622476697,1627.0,2615.0,2588.0,297.0,4.0,15.0,10.1,0.0,37.0,2015-04-15
3639.0,2656.0,3526.0,1798.0,2274.25050135934,4300.0,1189.0,1269.0,2514.0,2203.613927745726,496.0,1282.8524877163595,2441.0,3564.0,1599.0,152.1868918756236,6741.963344180747,1762.0,2646.0,2721.0,345.0,4.0,16.0,10.0,0.0,50.0,2015-04-16
3320.0,2595.0,3196.0,1580.0,2162.5729393092497,4153.0,1192.0,1091.0,2327.0,1649.1924673865087,436.0,1211.6894537354488,2485.0,3540.0,1495.0,202.71605442548298,6832.546698704569,1745.0,2909.0,2630.0,316.0,4.0,17.0,4.7,0.0,50.0,2015-04-17
1225.0,1429.0,1471.0,628.0,827.0593504599067,1618.0,492.0,384.0,813.0,1183.139034042315,269.0,747.0976015957744,1372.0,1853.0,411.0,30.411424163151423,3622.5913497168685,864.0,1548.0,730.0,76.0,4.0,18.0,11.8,0.0,48.0,2015-04-18
2147.0,2663.0,2689.0,1019.0,1469.3055449108708,2314.0,873.0,891.0,1302.0,2579.724322966311,977.0,1493.5939034740027,2659.0,3252.0,1036.0,71.0505908294781,4262.892500248352,1205.0,2043.0,1093.0,101.0,4.0,19.0,11.6,0.0,39.0,2015-04-19
1419.0,894.0,1318.0,711.0,969.8362619188363,1800.0,495.0,524.0,1243.0,2249.35109762964,83.0,576.7024981194368,950.0,1510.0,686.0,110.55969274569634,3226.9237078320093,808.0,1287.0,1328.0,200.0,4.0,20.0,10.4,0.0,56.0,2015-04-20
1446.0,946.0,1370.0,754.0,1082.8689815047321,1898.0,494.0,409.0,1201.0,1923.4191395890048,156.0,0.0,1187.0,1609.0,516.0,79.79524519720871,3831.0515242733413,849.0,1442.0,1248.0,137.0,4.0,21.0,9.6,0.0,56.0,2015-04-21
2119.0,1292.0,1897.0,713.0,1436.7380621645796,2280.0,708.0,734.0,1595.0,3023.234179358169,152.0,0.0,1364.0,2086.0,896.0,185.52939593209612,4129.041085185549,1184.0,1829.0,1703.0,237.0,4.0,22.0,11.1,0.0,46.0,2015-04-22
1670.0,1101.0,1604.0,555.0,1124.736286012231,2112.0,567.0,513.0,1384.0,1770.2008574235924,136.0,435.0,1183.0,1845.0,673.0,155.33731543054546,3999.2033600523814,996.0,1550.0,1404.0,151.0,4.0,23.0,13.9,0.0,56.0,2015-04-23
1706.0,1220.0,1689.0,794.0,1131.9820145016126,2183.0,615.0,532.0,1419.0,1986.4362577065176,114.0,670.0,1276.0,1917.0,678.0,129.5318673163647,4121.031451870045,1052.0,1800.0,1473.0,175.0,4.0,24.0,15.5,0.0,44.0,2015-04-24
1368.0,1451.0,1532.0,625.0,912.6237571667673,1751.0,515.0,424.0,851.0,1151.9667288935989,289.0,734.0,1539.0,1962.0,501.0,39.57982615017954,3880.6680990799064,893.0,1809.0,856.0,72.0,4.0,25.0,11.6,0.0,41.0,2015-04-25
1553.0,1888.0,2043.0,821.0,1044.043559636724,1846.0,711.0,507.0,1040.0,1911.1893958601968,523.0,1014.0,1840.0,2241.0,550.0,78.04217741007051,4010.389284284672,998.0,1874.0,920.0,76.0,4.0,26.0,10.2,0.0,32.0,2015-04-26
2317.0,1550.0,2196.0,1125.0,1478.7066118889632,2911.0,825.0,749.0,1710.0,1718.417122549954,244.0,882.0,1591.0,2357.0,1005.0,153.49541757864517,4774.949194443581,1365.0,1970.0,1889.0,213.0,4.0,27.0,8.0,0.0,41.0,2015-04-27
4359.0,3320.0,4443.0,2074.0,2622.0710224520226,4881.0,1437.0,1791.0,2920.0,3182.7371173673455,860.0,2453.0,3165.0,4244.0,2194.0,213.2257191238532,6934.008779454858,2419.0,3269.0,3193.0,417.0,4.0,28.0,6.3,0.0,35.0,2015-04-28
4237.0,3376.0,4270.0,1978.0,2638.684760014985,4909.0,1499.0,1735.0,2944.0,2858.777097225524,705.0,2182.0,3114.0,4424.0,2236.0,251.58057357160305,7377.3369216017345,2392.0,3560.0,3074.0,408.0,4.0,29.0,6.5,0.0,37.0,2015-04-29
4433.0,3408.0,4343.0,2095.0,2723.572141313686,5196.0,1427.0,1690.0,2926.0,2202.7084471231065,706.0,2082.0,3131.0,4337.0,2283.0,180.5080323872744,8021.334751140708,2487.0,3699.0,3175.0,390.0,4.0,30.0,6.7,0.0,43.0,2015-04-30
4762.0,3902.0,4883.0,1947.0,2954.895252290041,5481.0,1503.0,1744.0,3028.0,1704.6600616980559,917.0,2186.0,3634.0,4643.0,2334.0,244.01011891146936,9076.679732849103,2536.0,3964.0,3249.0,465.0,5.0,1.0,4.5,0.0,31.0,2015-05-01
4244.0,4698.0,4789.0,1682.0,2553.092382456689,4499.0,1609.0,1725.0,1919.0,374.9410379765868,1529.0,2358.0,3898.0,4993.0,2027.0,153.75013367017618,8544.777427105022,1932.0,4017.0,1746.0,218.0,5.0,2.0,2.5,0.0,35.0,2015-05-02
4474.0,4936.0,5247.0,1741.0,2760.5696297664063,4268.0,1470.0,1877.0,2234.0,3143.4704600232017,1627.0,2609.0,4924.0,5666.0,2076.0,65.48827586106472,7566.471826502882,2063.0,3877.0,1870.0,250.0,5.0,3.0,0.2,0.0,35.0,2015-05-03
5402.0,4104.0,5244.0,2558.0,3233.344094898014,5934.0,1700.0,2214.0,3383.0,2915.0418016844415,1060.0,2349.0,3192.0,4593.0,2845.0,228.16045487648717,8962.295442785515,2775.0,3968.0,3764.0,582.0,5.0,4.0,0.0,0.0,72.0,2015-05-04
6394.0,4779.0,6079.0,2954.0,3860.701739395746,7194.0,1909.0,2519.0,3950.0,1860.3053451032756,2213.0,3125.0,4097.0,5124.0,3289.0,223.59407543975067,10951.254882609424,3302.0,4342.0,4457.0,630.0,5.0,5.0,3.1,0.0,44.0,2015-05-05
6496.0,5067.0,6182.0,2337.0,3894.9518272073647,7135.0,1949.0,2640.0,3966.0,2015.4775022570284,2293.0,3102.0,3906.0,5936.0,3394.0,330.7800467548168,10563.895701799493,3335.0,4301.0,4396.0,590.0,5.0,6.0,2.0,0.0,44.0,2015-05-06
6952.0,5323.0,6449.0,3039.0,4089.7259802697417,7407.0,2009.0,2725.0,3977.0,2093.8576141478297,2445.0,3156.0,4173.0,5541.0,3564.0,181.93735275545896,11522.24438925673,3451.0,4728.0,4474.0,739.0,5.0,7.0,0.0,0.0,37.0,2015-05-07
6837.0,5536.0,6680.0,2682.0,4059.278274256282,7011.0,1896.0,2714.0,3803.0,2593.1432938041326,2633.0,2899.0,4277.0,5891.0,3432.0,179.67515537243253,11605.765271118531,3410.0,5151.0,4089.0,653.0,5.0,8.0,0.0,0.0,31.0,2015-05-08
2896.0,3316.0,3489.0,1231.0,1997.6645162636562,3626.0,1038.0,1049.0,1595.0,0.0,1753.0,1657.0,2914.0,3785.0,1290.0,134.7577374190687,7277.923293894251,1673.0,3018.0,1615.0,242.0,5.0,9.0,0.0,0.0,65.0,2015-05-09
2060.0,2250.0,2543.0,965.0,1410.64291624557,2345.0,788.0,801.0,1124.0,1428.0546844856772,1067.0,1171.0,2146.0,2746.0,959.0,118.87303064687421,4733.175889760452,1141.0,2225.0,1107.0,149.0,5.0,10.0,0.0,0.0,39.0,2015-05-10
1490.0,1070.0,1424.0,721.0,1019.3406845772895,1872.0,472.0,468.0,1098.0,1713.3796974068464,224.0,529.0,1327.0,1500.0,687.0,70.71028591666709,3676.598819630794,946.0,1512.0,1214.0,125.0,5.0,11.0,7.1,0.0,44.0,2015-05-11
3044.0,1987.0,2782.0,1329.0,2001.6388526725661,3935.0,1011.0,975.0,2215.0,927.1318244361246,694.0,1137.0,2160.0,2735.0,1425.0,234.35780225973758,6488.083832322589,1805.0,2474.0,2504.0,268.0,5.0,12.0,2.1,0.0,80.0,2015-05-12
5747.0,4293.0,5328.0,2416.0,3534.2662292303175,6541.0,1635.0,2313.0,3677.0,2118.865213154717,1794.0,2734.0,3982.0,4991.0,3007.0,187.03574046794165,9911.866321538437,3066.0,4043.0,4136.0,549.0,5.0,13.0,5.9,0.0,41.0,2015-05-13
6505.0,4732.0,5968.0,2650.0,3817.5608348548585,6708.0,1797.0,2429.0,3885.0,3478.934898529984,2212.0,3010.0,4114.0,5671.0,3185.0,210.75580340799388,9835.840883556513,3386.0,4439.0,4307.0,651.0,5.0,14.0,5.8,0.0,41.0,2015-05-14
5533.0,4066.0,5188.0,2127.0,3386.5862833437777,6100.0,1569.0,2109.0,3328.0,2208.153780307788,2128.0,2452.0,3830.0,5035.0,2758.0,68.0,9308.24548812568,2983.0,3869.0,3787.0,605.0,5.0,15.0,3.7,0.0,31.0,2015-05-15
2433.0,2640.0,2616.0,906.0,1782.682235508975,3199.0,803.0,859.0,1448.0,0.0,1085.0,1127.0,2433.0,3086.0,1116.0,87.0,6506.790229318487,1445.0,2285.0,1349.0,146.0,5.0,16.0,0.3,0.0,31.0,2015-05-16
4634.0,5099.0,5404.0,1594.0,3111.0725696343934,4437.0,1436.0,2080.0,2409.0,2740.736520802604,4500.0,3545.0,4834.0,5904.0,2633.0,113.0,7644.349052633272,1949.0,3253.0,2002.0,305.0,5.0,17.0,0.0,0.0,31.0,2015-05-17
4155.0,4351.0,4682.0,1490.0,2572.296826592982,3701.0,1366.0,1950.0,1860.0,2995.4218205139114,3761.0,3064.0,3510.0,5148.0,2306.0,103.0,5783.710686707636,1828.0,2885.0,1708.0,232.0,5.0,18.0,0.0,0.0,46.0,2015-05-18
5203.0,3422.0,4645.0,2015.0,3082.87022101392,5720.0,1525.0,1797.0,3166.0,1792.4981026505666,1257.0,1922.0,3352.0,4455.0,2309.0,164.0,8636.80509641575,2593.0,3388.0,3567.0,561.0,5.0,19.0,0.0,0.0,69.0,2015-05-19
5698.0,3840.0,5240.0,2418.0,3345.758815708412,5947.0,1636.0,2058.0,3404.0,3497.8788729905027,1398.0,2212.0,3646.0,4814.0,2772.0,145.0,8445.371691266088,2951.0,3835.0,3858.0,426.0,5.0,20.0,6.8,0.0,54.0,2015-05-20
6031.0,4271.0,5598.0,2423.0,3608.8945242648033,6706.0,1713.0,2149.0,3565.0,1592.8466302620727,1875.0,2499.0,3891.0,5131.0,2860.0,152.0,9914.641636036748,3082.0,3687.0,4175.0,662.0,5.0,21.0,4.1,0.0,43.0,2015-05-21
4478.0,3118.0,4121.0,1697.0,2747.925545222999,5095.0,1251.0,1551.0,2825.0,1930.1099077771178,1110.0,1639.0,2973.0,3854.0,2144.0,101.0,7883.843777512389,2494.0,2974.0,3321.0,549.0,5.0,22.0,9.4,0.0,54.0,2015-05-22
3285.0,3171.0,3484.0,1129.0,2005.9417151931905,3433.0,947.0,1107.0,1549.0,702.9293634615551,1554.0,1869.0,3385.0,3841.0,1333.0,98.0,6187.716594507561,1739.0,2555.0,1540.0,267.0,5.0,23.0,8.0,0.0,61.0,2015-05-23
3891.0,4183.0,4422.0,1300.0,2568.9019160365824,3971.0,1321.0,1487.0,2063.0,1997.0888492047616,2761.0,2665.0,4300.0,4884.0,1969.0,78.0,7049.477525493661,1690.0,2887.0,1889.0,309.0,5.0,24.0,0.0,0.0,56.0,2015-05-24
2891.0,1878.0,2687.0,1214.0,1805.61283408847,3096.0,850.0,1084.0,1908.0,3219.5153111433956,664.0,1157.0,1911.0,2693.0,1474.0,83.0,4552.233721650791,1547.0,2038.0,2250.0,327.0,5.0,25.0,0.0,0.0,43.0,2015-05-25
6492.0,4555.0,6124.0,2555.0,3935.198324937238,6955.0,1916.0,2544.0,3914.0,3077.782027303001,2483.0,2970.0,4215.0,5553.0,3262.0,173.0,9772.154755438141,3052.0,3823.0,4601.0,680.0,5.0,26.0,0.0,0.0,46.0,2015-05-26
5964.0,4132.0,5809.0,2301.0,3616.7985966614006,6617.0,1776.0,2269.0,3644.0,2659.636227934203,1512.0,2390.0,3754.0,5005.0,2959.0,195.0,9339.895933507254,2989.0,3567.0,4461.0,660.0,5.0,27.0,0.0,0.0,57.0,2015-05-27
4657.0,3156.0,4376.0,1858.0,2935.255694830583,5368.0,1485.0,1862.0,2991.0,2589.678354247788,1204.0,1838.0,3095.0,4064.0,2498.0,142.0,7484.597054739599,2519.0,2922.0,3707.0,578.0,5.0,28.0,0.8,0.0,48.0,2015-05-28
7093.0,6153.0,7322.0,2719.0,4853.864250358094,7772.0,2174.0,2872.0,4867.0,5264.182444838876,3059.0,3339.0,7197.0,7695.0,3782.0,332.0,11419.042585819185,4342.0,5166.0,5017.0,717.0,5.0,29.0,0.1,0.0,31.0,2015-05-29
3304.0,3716.0,3783.0,1250.0,2181.682094390323,3608.0,1082.0,1163.0,1899.0,1988.5790439671582,1162.0,1729.0,3563.0,4604.0,1550.0,83.0,6687.468824004813,1733.0,3046.0,1624.0,200.0,5.0,30.0,0.0,0.0,67.0,2015-05-30
2430.0,3524.0,3329.0,1720.0,2689.8118508053767,3324.0,945.0,790.0,3034.0,7346.379230989152,785.0,1478.0,7921.0,5636.0,1153.0,71.0,5465.346567626091,2579.0,3126.0,2207.0,187.0,5.0,31.0,6.6,0.0,46.0,2015-05-31
3319.0,2178.0,3011.0,1304.0,2022.8783131173457,3652.0,939.0,1067.0,2074.0,2807.82787685921,338.0,1075.0,2311.0,2794.0,1508.0,85.0,5625.513256955061,1778.0,2465.0,2704.0,326.0,6.0,1.0,6.4,0.0,44.0,2015-06-01
3158.0,2037.0,2814.0,1266.0,1914.2428465977366,3666.0,1003.0,1074.0,1982.0,2091.4152919449316,327.0,1240.0,2240.0,2800.0,1551.0,90.0,5305.869096552149,1644.0,2213.0,2551.0,229.0,6.0,2.0,8.1,0.0,33.0,2015-06-02
6444.0,4736.0,5983.0,2616.0,3789.445509720894,6951.0,1919.0,2609.0,3882.0,3058.3704230824333,1244.0,3194.0,4443.0,5530.0,3477.0,189.0,9559.668458313185,3078.0,3992.0,4532.0,659.0,6.0,3.0,6.9,0.0,31.0,2015-06-03
7242.0,5461.0,6843.0,2863.0,4288.607869622207,7905.0,2183.0,3014.0,4272.0,2674.3295949663698,1487.0,3595.0,4829.0,6210.0,4118.0,183.0,10727.85317952421,3193.0,4092.0,5039.0,768.0,6.0,4.0,1.7,0.0,31.0,2015-06-04
4074.0,2763.0,3660.0,1490.0,2463.1336926140757,4590.0,1154.0,1433.0,2618.0,1806.0548702633623,559.0,1750.0,2849.0,3808.0,1947.0,151.0,7076.680077888175,1695.0,2712.0,2922.0,431.0,6.0,5.0,0.0,0.0,46.0,2015-06-05
4310.0,4527.0,4770.0,1561.0,2687.978390391403,4326.0,1334.0,1841.0,2125.0,2304.198170490039,1538.0,2658.0,4462.0,5061.0,2342.0,109.0,7101.10206001567,1868.0,3187.0,2178.0,334.0,6.0,6.0,3.6,0.0,44.0,2015-06-06
3592.0,4261.0,4262.0,1542.0,2240.8962994651947,3804.0,1241.0,1682.0,1982.0,2192.6360363304466,1629.0,3237.0,4059.0,4851.0,2009.0,72.0,6125.770522193967,1596.0,2720.0,1762.0,294.0,6.0,7.0,3.3,0.0,43.0,2015-06-07
1705.0,1271.0,1737.0,853.0,1193.1266825945152,2253.0,619.0,625.0,1238.0,1710.5615603341166,168.0,710.0,1523.0,1936.0,940.0,75.0,3666.4831991429296,1021.0,1411.0,1456.0,176.0,6.0,8.0,0.0,0.0,44.0,2015-06-08
3388.0,2180.0,3065.0,1537.0,2078.3810544298294,3785.0,1035.0,1281.0,2206.0,2680.175215689669,515.0,1382.0,2346.0,3093.0,1722.0,101.0,5400.992229305939,1754.0,2313.0,2546.0,350.0,6.0,9.0,0.0,0.0,31.0,2015-06-09
6341.0,4437.0,5744.0,2684.0,3807.1209682866292,6467.0,1816.0,2742.0,3750.0,3835.903221941622,2338.0,2918.0,4138.0,5317.0,3482.0,192.0,8625.132239089728,3077.0,3593.0,4197.0,673.0,6.0,10.0,0.0,0.0,39.0,2015-06-10
6136.0,4232.0,5644.0,2261.0,3651.11777118,6462.0,1716.0,2420.0,3608.0,2560.0561762473408,1802.0,2540.0,4009.0,4825.0,3195.0,171.0,9514.650837877283,2908.0,3665.0,4136.0,649.0,6.0,11.0,0.0,0.0,56.0,2015-06-11
3600.0,2547.0,3407.0,1329.0,2296.5029821536727,3965.0,1008.0,1474.0,2410.0,2771.001013990479,923.0,1505.0,2539.0,3365.0,1894.0,133.0,6259.513396954733,1687.0,2543.0,2693.0,430.0,6.0,12.0,0.5,0.0,32.0,2015-06-12
5493.0,4943.0,5433.0,1577.0,3217.601319035887,4630.0,1604.0,2176.0,2157.0,2052.648391482777,3327.0,2818.0,4891.0,5588.0,2723.0,184.0,7434.08516647901,2322.0,3213.0,2040.0,522.0,6.0,13.0,0.0,0.0,41.0,2015-06-13
5253.0,5064.0,5531.0,1713.0,3306.7139489589435,4535.0,1579.0,2360.0,2540.0,3907.9506318688454,3878.0,3195.0,5053.0,5951.0,2848.0,120.0,7092.205627024856,2007.0,3174.0,2210.0,350.0,6.0,14.0,0.0,0.0,31.0,2015-06-14
4427.0,3165.0,4169.0,1884.0,2819.1131186000466,5124.0,1380.0,1747.0,2786.0,2035.182605563943,1493.0,1950.0,3118.0,4321.0,2322.0,107.0,7196.914867942485,2091.0,2623.0,3254.0,486.0,6.0,15.0,0.0,0.0,41.0,2015-06-15
3120.0,1969.0,2757.0,1179.0,1862.5638285380676,3516.0,985.0,1032.0,1884.0,1333.0059245885786,709.0,1289.0,1998.0,2688.0,1473.0,122.0,5463.533887463642,1341.0,1943.0,2217.0,291.0,6.0,16.0,0.0,0.0,37.0,2015-06-16
7387.0,5303.0,7003.0,2941.0,4404.755974108767,7669.0,2133.0,2994.0,4131.0,2396.710416694841,3317.0,3755.0,4893.0,6221.0,3805.0,157.0,10827.60673327103,2873.0,3912.0,4698.0,729.0,6.0,17.0,1.8,0.0,31.0,2015-06-17
6520.0,4688.0,6113.0,2473.0,3871.3486530593773,6766.0,1965.0,2618.0,3720.0,2593.052407507632,2324.0,2778.0,4197.0,5348.0,3295.0,175.0,8750.721260821367,2633.0,2269.0,4246.0,689.0,6.0,18.0,0.0,0.0,46.0,2015-06-18
6273.0,4715.0,5943.0,2251.0,3862.6553852329116,6755.0,1844.0,2621.0,3552.0,1414.2179982105627,2248.0,2691.0,4501.0,5163.0,3417.0,195.0,10371.61730250286,2618.0,3605.0,4026.0,670.0,6.0,19.0,1.8,0.0,44.0,2015-06-19
5523.0,5066.0,5504.0,1590.0,3245.0383856304397,4846.0,1751.0,2220.0,2264.0,1695.0708629277706,3938.0,2998.0,4400.0,5634.0,2669.0,193.0,7892.387856100913,1982.0,3168.0,2219.0,338.0,6.0,20.0,0.8,0.0,31.0,2015-06-20
2157.0,2369.0,2586.0,938.0,1583.5413696961716,2853.0,876.0,918.0,1271.0,385.2637720960656,1090.0,1322.0,2673.0,3140.0,1129.0,63.0,5226.900875778449,1001.0,1883.0,1246.0,158.0,6.0,21.0,0.0,0.0,33.0,2015-06-21
5346.0,4204.0,5538.0,2353.0,3483.5726307567065,6040.0,1868.0,2350.0,3381.0,3073.766160448962,2092.0,2839.0,3939.0,5167.0,3143.0,163.0,8542.64041844973,2126.0,3311.0,3954.0,632.0,6.0,22.0,0.0,0.0,31.0,2015-06-22
4062.0,3171.0,4193.0,1579.0,2552.5764109818247,4643.0,1216.0,1520.0,2439.0,1852.5932218531125,966.0,1673.0,2781.0,4142.0,1968.0,136.0,7113.874727446488,1746.0,2702.0,2902.0,390.0,6.0,23.0,0.0,0.0,70.0,2015-06-23
4818.0,5447.0,5085.0,1759.0,2979.8311393725353,4076.0,1688.0,2293.0,2102.0,3115.82353953285,4787.0,3704.0,4016.0,5687.0,2742.0,138.0,6977.510996555238,1566.0,3128.0,1800.0,339.0,6.0,24.0,0.0,0.0,46.0,2015-06-24
5953.0,4986.0,6312.0,2494.0,3862.7254897478097,7027.0,1911.0,2573.0,3698.0,1290.409527785323,2340.0,3004.0,4199.0,5321.0,3396.0,217.0,10603.270383592728,2599.0,3314.0,4362.0,773.0,6.0,25.0,1.1,0.0,33.0,2015-06-25
6768.0,4938.0,6539.0,2140.0,3921.4454987081663,6916.0,1882.0,2865.0,3450.0,1348.5769026559537,2558.0,3056.0,4213.0,5758.0,3737.0,153.0,9859.266443124618,3063.0,3648.0,3860.0,629.0,6.0,26.0,0.0,0.0,35.0,2015-06-26
5175.0,4399.0,5065.0,1347.0,3048.2949790707244,4614.0,1388.0,2181.0,2234.0,984.4550790995963,3908.0,2859.0,3810.0,5035.0,2804.0,124.0,8046.067072837577,1863.0,3145.0,1874.0,325.0,6.0,27.0,0.0,0.0,31.0,2015-06-27
732.0,724.0,836.0,323.0,529.3823640984185,967.0,255.0,277.0,476.0,1130.4717452233385,86.0,308.0,792.0,1132.0,307.0,32.0,2463.210034987821,406.0,855.0,385.0,40.0,6.0,28.0,1.8,0.0,46.0,2015-06-28
4305.0,3201.0,4406.0,1846.0,2830.4040404698853,5298.0,1446.0,1700.0,2786.0,1090.3943356385207,1409.0,1962.0,3041.0,4162.0,2399.0,266.0,7920.0390322778185,2179.0,2969.0,3287.0,425.0,6.0,29.0,2.3,0.0,32.0,2015-06-29
5449.0,4144.0,5376.0,2038.0,3421.9070101458956,6091.0,1730.0,2453.0,3178.0,1468.9692214729475,2299.0,2631.0,3562.0,4796.0,3005.0,275.0,9258.811305234287,2502.0,3630.0,3846.0,656.0,6.0,30.0,0.0,0.0,39.0,2015-06-30
1459.0,1360.0,1724.0,609.0,950.2877371788538,1617.0,476.0,516.0,768.0,1371.7504640421657,462.0,783.0,1300.0,1887.0,735.0,111.0,3173.7394148275484,864.0,1410.0,784.0,147.0,7.0,1.0,0.0,0.0,54.0,2015-07-01
5790.0,4824.0,6187.0,2370.0,3812.829913079381,6973.0,1876.0,2558.0,3611.0,613.2564785055074,2282.0,2939.0,4030.0,5956.0,3365.0,457.0,10480.508748840195,2922.0,4105.0,4102.0,694.0,7.0,2.0,0.0,0.0,56.0,2015-07-02
6806.0,5188.0,6570.0,2209.0,4084.164747827853,7021.0,1984.0,2966.0,3391.0,392.11259337879164,3026.0,3110.0,4183.0,6389.0,3862.0,444.0,10371.346727122882,2999.0,4276.0,3737.0,690.0,7.0,3.0,0.0,0.0,37.0,2015-07-03
5559.0,4558.0,5370.0,1402.0,2929.4164744033924,3115.0,1362.0,2217.0,2130.0,6754.21380871269,4233.0,3861.0,3609.0,5282.0,3168.0,427.0,3893.8489015997243,2131.0,3091.0,1842.0,386.0,7.0,4.0,0.0,0.0,31.0,2015-07-04
5144.0,4434.0,5091.0,1364.0,2880.84867035511,4370.0,1505.0,2195.0,2117.0,1005.656778954035,4126.0,3801.0,4177.0,5191.0,2616.0,278.0,7172.450780734975,2016.0,3273.0,1772.0,369.0,7.0,5.0,0.0,0.0,33.0,2015-07-05
6049.0,4914.0,6493.0,2347.0,3855.4084545078476,6768.0,2151.0,2870.0,3647.0,2009.862874051476,3036.0,3554.0,3707.0,6058.0,3569.0,461.0,9744.192537128405,2581.0,4159.0,4243.0,710.0,7.0,6.0,0.0,0.0,31.0,2015-07-06
4590.0,3484.0,4726.0,1787.0,2993.3134122077545,5383.0,1489.0,1896.0,2954.0,1258.8928503758543,1529.0,2162.0,2773.0,4495.0,2549.0,544.0,8262.595438039742,2240.0,3438.0,3502.0,603.0,7.0,7.0,0.0,0.0,48.0,2015-07-07
6586.0,5329.0,6724.0,2575.0,4133.4061131864755,7085.0,2306.0,3035.0,3827.0,2254.281866559577,2936.0,3707.0,4324.0,6348.0,3844.0,643.0,9805.37306671545,2920.0,4277.0,4494.0,730.0,7.0,8.0,0.0,0.0,39.0,2015-07-08
6339.0,4947.0,6263.0,2393.0,3927.0846727074722,7233.0,2181.0,2844.0,3714.0,0.0,2734.0,3221.0,3780.0,5478.0,3616.0,697.0,11162.749121088906,2853.0,4359.0,4297.0,701.0,7.0,9.0,0.0,0.0,31.0,2015-07-09
6371.0,4966.0,6341.0,2007.0,3908.167991706313,6699.0,1964.0,2822.0,3289.0,560.6210282114625,3033.0,3346.0,4163.0,5942.0,3670.0,545.0,10020.10183218872,2693.0,4214.0,3884.0,656.0,7.0,10.0,0.0,0.0,39.0,2015-07-10
4801.0,4363.0,4965.0,1288.0,2711.2648520820194,4473.0,1358.0,1990.0,1894.0,0.0,3607.0,3532.0,3337.0,5179.0,2683.0,335.0,7327.672327095994,1968.0,3299.0,1802.0,325.0,7.0,11.0,0.0,0.0,44.0,2015-07-11
4043.0,3908.0,4278.0,1257.0,2377.959795005456,3805.0,1227.0,1744.0,1787.0,981.1149608176565,3422.0,3441.0,3450.0,4704.0,2087.0,222.0,6397.227514285301,1674.0,3031.0,1694.0,273.0,7.0,12.0,0.0,0.0,31.0,2015-07-12
5388.0,4282.0,5728.0,2145.0,3366.89819035426,6192.0,1931.0,2465.0,3156.0,490.55274586660016,2315.0,3016.0,3202.0,4785.0,3011.0,468.0,9816.445175531751,2274.0,3954.0,3769.0,686.0,7.0,13.0,0.0,0.0,31.0,2015-07-13
5361.0,4107.0,5597.0,2083.0,3433.668502809578,6429.0,1880.0,2370.0,3185.0,0.0,2092.0,2690.0,3455.0,4617.0,2785.0,558.0,10257.049466726423,2383.0,3885.0,3963.0,666.0,7.0,14.0,0.0,0.0,57.0,2015-07-14
6904.0,5074.0,6809.0,2628.0,4326.049276979834,7547.0,2211.0,2962.0,3839.0,411.3235305064918,3216.0,3417.0,4287.0,6096.0,4061.0,760.0,10785.16579311372,3432.0,4467.0,4518.0,820.0,7.0,15.0,0.0,0.0,48.0,2015-07-15
6870.0,5003.0,6658.0,2452.0,4102.380170267544,7181.0,2274.0,2973.0,3703.0,1131.9287110339137,3315.0,3622.0,4165.0,6232.0,3758.0,561.0,10099.782192346422,3256.0,4423.0,4212.0,736.0,7.0,16.0,1.1,0.0,31.0,2015-07-16
5189.0,4085.0,5365.0,1880.0,3480.649600595125,5944.0,1794.0,2405.0,3024.0,0.0,2515.0,2607.0,3552.0,4919.0,3124.0,387.0,9936.832852582396,2606.0,3778.0,2731.0,569.0,7.0,17.0,0.0,0.0,33.0,2015-07-17
3017.0,2559.0,2938.0,901.0,2107.4763140079012,3306.0,837.0,1005.0,1367.0,0.0,1323.0,1579.0,2403.0,3440.0,1630.0,176.0,6248.672282051795,1686.0,2443.0,1029.0,219.0,7.0,18.0,0.0,0.0,31.0,2015-07-18
2478.0,2298.0,2605.0,878.0,1497.3538051793641,2617.0,865.0,887.0,1228.0,437.5864289201063,1457.0,1651.0,2309.0,3067.0,1112.0,136.0,5135.939716060333,1273.0,2332.0,932.0,181.0,7.0,19.0,0.0,0.0,31.0,2015-07-19
5807.0,4628.0,6215.0,2315.0,3786.9884086742195,6569.0,2179.0,2857.0,3595.0,785.0786337705831,3288.0,3475.0,3940.0,5877.0,3607.0,595.0,9778.795641050423,2711.0,3988.0,3577.0,788.0,7.0,20.0,0.0,0.0,43.0,2015-07-20
3114.0,2222.0,3195.0,1247.0,1984.3078389158447,3897.0,1211.0,1276.0,2052.0,141.3860902707329,1044.0,1724.0,2183.0,2554.0,1721.0,294.0,6663.111333339904,1637.0,2428.0,2294.0,452.0,7.0,21.0,0.0,0.0,44.0,2015-07-21
5396.0,4174.0,5628.0,2296.0,3916.806574517166,6700.0,2139.1910549692966,2562.0,3360.0,0.0,2929.0,2990.0,3849.0,5288.0,3301.0,777.0,10014.957584208047,2575.0,3928.0,4088.0,723.0,7.0,22.0,0.0,0.0,41.0,2015-07-22
5414.0,4226.0,5476.0,2187.0,3527.311696608799,6324.0,1872.0,2537.0,3192.0,491.36232847887004,2408.0,2631.0,3750.0,5542.0,3214.0,400.0,9394.246264154388,2671.0,3900.0,3512.0,648.0,7.0,23.0,0.0,0.0,61.0,2015-07-23
4051.0,3306.0,4378.0,1422.0,2653.155649250223,4898.0,1391.0,1659.0,2359.0,0.0,1536.0,1902.0,3077.0,4174.0,2180.0,327.0,8248.793745265073,2103.0,3382.0,2712.0,454.0,7.0,24.0,0.0,0.0,31.0,2015-07-24
4193.0,3666.0,4524.0,1225.0,2582.419362240278,3917.0,1411.0,1933.0,1823.0,1028.309682498062,3909.0,3034.0,3180.0,4648.0,2568.0,307.0,6253.609932478428,1939.0,3053.0,1680.0,314.0,7.0,25.0,0.0,0.0,31.0,2015-07-25
3136.0,3236.0,3642.0,1133.0,2040.9837518558,2963.0,1132.0,1368.0,1555.0,2474.0843992337323,2509.0,2241.0,3093.0,3909.0,1675.0,205.0,5205.278421650892,1619.0,2722.0,1478.0,247.0,7.0,26.0,0.0,0.0,31.0,2015-07-26
4756.0,3730.0,4858.0,1887.0,3148.7386958388433,5210.0,1742.0,2325.0,2951.0,2577.5075914142617,2584.0,2705.0,2965.0,4539.0,2998.0,485.0,7830.58742051485,2144.0,3654.0,3555.0,699.0,7.0,27.0,0.0,0.0,44.0,2015-07-27
5495.0,4139.0,5797.0,2091.0,3542.9789612629993,6000.0,1942.0,2581.0,3227.0,1529.537976710788,2895.0,3083.0,3422.0,4503.0,3279.0,634.0,9431.306537319693,2345.0,4087.0,4012.0,726.0,7.0,28.0,0.0,0.0,33.0,2015-07-28
5555.0,4294.0,5982.0,1935.0,3604.747301678848,5868.0,1926.0,2454.0,3143.0,2737.5647455200633,3157.0,3245.0,3510.0,5419.0,3544.0,508.0,8177.886058397888,2386.0,3751.0,3959.0,700.0,7.0,29.0,0.0,0.0,31.0,2015-07-29
4635.0,3389.0,4759.0,1652.0,3020.69700373003,5276.0,1508.0,1996.0,2820.0,1479.3163565792966,1543.0,2122.0,2986.0,4691.0,2547.0,529.0,7747.021585302624,2240.0,3343.0,3480.0,684.0,7.0,30.0,0.0,0.0,43.0,2015-07-30
5486.0,4165.0,5625.0,1746.0,3337.229557894467,5846.0,1746.0,2432.0,2999.0,596.7496447568883,3309.0,4116.0,3718.0,5215.0,3281.0,581.0,8456.530762769693,2511.0,3763.0,3555.0,715.0,7.0,31.0,0.0,0.0,63.0,2015-07-31
3809.0,3268.0,4043.0,1084.0,1778.508230689021,3691.0,1175.0,1563.0,1539.0,0.0,3671.0,5832.0,2968.0,4850.0,2124.0,290.0,4199.357128862859,1707.0,2517.0,1615.0,286.0,8.0,1.0,0.0,0.0,56.0,2015-08-01
4176.0,3879.0,4438.0,1389.0,2105.4101130231993,3783.0,1392.0,1916.0,1944.0,877.9143942754254,4425.0,6014.0,3718.0,4663.0,2222.0,281.0,5117.97063582567,1706.0,2709.0,1758.0,267.0,8.0,2.0,0.0,0.0,37.0,2015-08-02
3842.0,2866.0,3997.0,1544.0,2500.2282372520585,4836.0,1392.0,1658.0,2475.0,482.0236614141213,1386.0,2240.0,2828.0,3771.0,2185.0,428.0,6834.795630578939,2368.0,2702.0,3074.0,509.0,8.0,3.0,0.0,0.0,50.0,2015-08-03
5689.0,4141.0,5688.0,2147.0,3556.9003070206627,6384.0,1995.0,2445.0,3241.0,610.9370081521774,2591.0,2915.0,3959.0,4984.0,3176.0,677.0,8492.3715746261,3198.0,3324.0,3950.0,545.0,8.0,4.0,0.0,0.0,52.0,2015-08-04
4806.0,3719.0,5100.0,1981.0,3300.751089429904,5645.0,1763.0,2373.0,2959.0,2067.3383065652033,1983.0,2419.0,3701.0,5540.0,3029.0,613.0,6703.172709134909,2841.0,3098.0,3663.0,634.0,8.0,5.0,0.0,0.0,46.0,2015-08-05
5722.0,3876.0,5456.0,2118.0,3471.3751634990467,5950.0,1884.0,2366.0,3027.0,1725.698009332551,2259.0,2761.0,3762.0,4978.0,3113.0,674.0,7221.137491074387,2938.0,3055.0,3953.0,611.0,8.0,6.0,0.0,0.0,44.0,2015-08-06
4846.0,3782.0,4985.0,1680.0,3161.4981540410954,5302.0,1593.0,2315.0,2770.0,1447.010299034684,2529.0,2734.0,3511.0,4869.0,2927.0,578.0,7083.900567647292,2496.0,2846.0,3371.0,651.0,8.0,7.0,0.9,0.0,31.0,2015-08-07
2593.0,3730.0,4416.0,1233.0,2212.086685164246,3789.0,1368.0,1869.0,1713.0,312.6008806341815,3534.0,3170.0,3418.0,4525.0,2274.0,280.0,6039.840867009219,2050.0,2601.0,1639.0,328.0,8.0,8.0,0.0,0.16100256192960782,38.42972276516343,2015-08-08
3508.0,3324.0,3983.0,1126.0,2234.5341472959244,3507.0,1210.0,1603.0,1743.0,1354.0115824851673,3070.0,3131.0,3629.0,4358.0,1981.0,282.0,5186.414259065305,1768.0,2355.0,1692.0,316.0,8.0,9.0,0.0,0.0,31.0,2015-08-09
5191.0,4023.0,5373.0,1949.0,3274.905170938714,5767.0,1915.0,2455.0,3081.0,1004.5914063400742,2857.0,3606.0,3664.0,4642.0,3211.0,653.0,7888.079201190487,2520.0,3104.0,3660.0,665.0,8.0,10.0,0.0,0.0,50.0,2015-08-10
1557.0,1322.0,1753.0,685.0,1108.2586637927886,2033.0,555.0,579.0,1125.0,1328.60125327913,368.0,759.0,1393.0,1745.0,801.0,191.0,3726.457559841379,953.0,1360.0,1287.0,151.0,8.0,11.0,0.0,0.0,44.0,2015-08-11
3914.0,2895.0,4188.0,1682.0,2615.9907354875613,4871.0,1465.0,1426.0,2599.0,758.9418799638443,1299.0,1964.0,3098.0,3848.0,1921.0,556.0,7073.6088971396985,2135.0,2644.0,3188.0,407.0,8.0,12.0,0.0,0.0,46.0,2015-08-12
5297.0,4147.0,5336.0,2120.0,3434.1219720244544,5963.0,1741.0,2213.0,3242.0,1504.87076575241,2386.0,2868.0,3954.0,5174.0,2877.0,586.0,8205.087610987859,2629.0,3040.0,3825.0,626.0,8.0,13.0,0.0,0.0,33.0,2015-08-13
3154.0,2318.0,3246.0,1225.0,1978.8014666704833,3504.0,1038.0,1245.0,1968.0,1628.090742063163,961.0,1902.0,2371.0,3227.0,1783.0,400.0,5001.425928739329,1661.0,2132.0,2180.0,321.0,8.0,14.0,0.0,0.0,39.0,2015-08-14
3586.0,3551.0,3909.0,1080.0,2087.2205484357464,3325.0,1237.0,1513.0,1495.0,1247.0065756062522,2655.0,2791.0,2915.0,4132.0,1920.0,275.0,5094.025030886209,1677.0,2258.0,1533.0,265.0,8.0,15.0,0.0,0.0,31.0,2015-08-15
3975.0,3468.0,4149.0,1142.0,2255.9149792855515,3335.0,1301.0,1626.0,1631.0,1589.8961388473763,3179.0,3169.0,3511.0,4320.0,1911.0,279.0,5205.648889563052,1519.0,2442.0,1469.0,325.0,8.0,16.0,0.0,0.0,31.0,2015-08-16
4999.0,4056.0,5578.0,2002.0,3256.8511904321776,5588.0,1838.0,2340.0,3029.0,727.8035891886175,2449.0,3132.0,3578.0,4665.0,3011.0,720.0,8482.623934184803,2075.0,3210.0,3300.0,643.0,8.0,17.0,0.0,0.0,41.0,2015-08-17
5413.0,4209.0,5861.0,2036.0,3429.7929381180575,5887.0,1872.0,2292.0,3141.0,1451.074288432108,2450.0,3100.0,3661.0,4727.0,2978.0,653.0,8576.50082803938,2235.0,3203.0,3898.0,673.0,8.0,18.0,0.0,0.0,48.0,2015-08-18
5339.0,4136.0,5716.0,2078.0,3411.915907170295,5794.0,1820.0,2328.0,3079.0,1442.981450521791,2321.0,3012.0,3826.0,4720.0,2979.0,683.0,8440.412966828462,2177.0,3306.0,3782.0,570.0,8.0,19.0,0.0,0.0,32.0,2015-08-19
5189.0,4198.0,5673.0,1978.0,3359.6243782395277,5782.0,1774.0,2247.0,3188.0,2038.5368492933667,2091.0,2726.0,3682.0,4833.0,2821.0,555.0,8563.172499320468,2317.0,3340.0,3835.0,561.0,8.0,20.0,0.0,0.0,57.0,2015-08-20
4857.0,3840.0,5103.0,1809.0,3078.919856262565,5314.981748774684,1705.0,1938.0,2834.0,1301.5355140347438,1930.0,2405.0,3605.0,4572.0,2534.0,579.0,7877.866926786735,2327.0,3066.0,3265.0,474.0,8.0,21.0,0.0,0.0,41.0,2015-08-21
3907.0,3871.0,4324.0,1293.0,2407.12931219228,3691.4735362409033,1277.0,1706.0,1677.0,1328.0954413247418,3107.0,2546.0,3241.0,4576.0,2012.0,265.0,5804.306671604436,1896.0,2429.0,1657.0,308.0,8.0,22.0,0.0,0.0,31.0,2015-08-22
3742.0,3816.0,4250.0,1368.0,2396.2959060514822,3617.957074365219,1360.0,1670.0,1837.0,1824.6094815255128,3394.0,3076.0,3760.0,4729.0,1963.0,272.0,5567.4501234098025,1753.0,2465.0,1671.0,281.0,8.0,23.0,0.0,0.0,31.0,2015-08-23
5111.0,3840.0,5284.0,2225.0,3220.0209797058087,5808.266697889889,1958.0,2269.0,3053.0,1209.2337463666008,2162.0,2966.0,3271.0,4662.0,2864.0,646.0,7729.0700742398385,2186.0,2930.0,3777.0,525.0,8.0,24.0,0.0,0.0,37.0,2015-08-24
6095.0,4641.0,6140.0,2523.0,3842.2617608006985,6419.439733501704,2189.0,2574.0,3508.0,1875.529485044157,2738.0,3264.0,3906.0,5627.0,3314.0,687.0,9093.414136173127,1669.0,3340.0,4131.0,668.0,8.0,25.0,0.0,0.0,43.0,2015-08-25
5644.0,4371.0,6033.0,2658.0,3815.4409618723284,6409.639263878895,2250.0,2468.0,3492.0,2185.2002171606764,2453.0,3169.0,4177.0,5513.0,3253.0,700.0,8655.090498274514,1462.0,3149.0,4393.0,633.0,8.0,26.0,0.0,0.0,33.0,2015-08-26
5341.0,4203.0,5481.0,2371.0,3444.6763320185464,6067.55264590755,2000.0,2139.0,3288.0,1950.5196556827213,1743.0,2684.0,3879.0,5475.0,2849.0,582.0,8165.216489270966,2239.0,3207.0,3876.0,516.0,8.0,27.0,0.0,0.0,41.0,2015-08-27
5337.0,4658.0,5815.0,2376.0,3633.539985073201,6224.362735921151,2043.0,2364.0,3219.0,1618.9061055438797,2521.0,2907.0,4374.0,5478.0,3194.0,629.0,8568.544557624531,2758.0,3373.0,3930.0,570.0,8.0,28.0,0.0,0.0,39.0,2015-08-28
3455.0,3629.0,3708.0,1185.0,2216.542045449997,3572.98573893288,1247.0,1330.0,1583.0,1206.0958850595161,2485.0,2408.0,3474.0,4260.0,1784.0,246.0,5622.639681166229,1934.0,2457.0,1795.0,224.0,8.0,29.0,0.0,0.0,33.0,2015-08-29
3703.0,3606.0,4132.0,1349.0,2381.781167359063,3607.917604013863,1371.0,1498.0,1777.0,1644.8496478489615,3281.0,2906.0,3946.0,4510.0,1848.0,253.0,5685.269819853542,1803.0,2568.0,1697.0,264.0,8.0,30.0,0.0,0.0,33.0,2015-08-30
5420.0,4273.0,5685.0,2808.0,3567.1352126634247,6441.272540942242,2216.0,2555.0,3552.0,1894.8657213108454,2174.0,2961.0,3908.0,4876.0,2911.0,653.0,8558.211920041622,2554.0,3103.0,4320.0,599.0,8.0,31.0,0.0,0.0,52.0,2015-08-31
6289.0,4896.0,6759.0,3334.0,4119.327242285839,7324.32653140531,2442.0,2780.0,4051.0,2327.9199701162615,2716.0,3555.0,4474.0,5937.0,3562.0,711.0,9335.305866351255,2953.0,3609.0,4780.0,644.0,9.0,1.0,0.0,0.0,31.0,2015-09-01
5565.0,4317.0,6035.0,3229.0,3846.769317572346,6849.282815315426,2344.0,2487.0,3691.0,2045.9343052928161,2540.0,2941.0,4212.0,5478.0,3200.0,665.0,8697.137572344785,2794.0,3395.0,4540.0,637.0,9.0,2.0,0.0,0.0,32.0,2015-09-02
5858.0,4783.0,6300.0,3254.0,4022.8868233400053,7204.265354791551,2392.0,2547.0,4048.0,2633.3856584195128,2321.0,3143.0,4513.0,6035.0,3392.0,641.0,9100.90273685849,3011.0,3487.0,4786.0,646.0,9.0,3.0,0.0,0.0,32.0,2015-09-03
5521.0,4394.0,5770.0,2728.0,3776.3207711296754,6631.334814950478,2124.0,2422.0,3797.0,2706.7472718754034,2222.0,2803.0,4400.0,5519.0,3148.0,639.0,8499.806288141728,2899.0,3267.0,4519.0,527.0,9.0,4.0,0.0,0.0,35.0,2015-09-04
4105.0,3632.0,4286.0,1143.0,2443.7450883502815,3852.8332981097487,1304.0,1581.0,1787.0,1348.0837331526382,2952.0,2814.0,3550.0,4520.0,1991.0,315.0,5506.070428642688,1878.0,2277.0,2025.0,270.0,9.0,5.0,0.0,0.0,31.0,2015-09-05
3701.0,3163.0,3596.0,1059.0,2215.680105818631,3423.5288076645497,1140.0,1450.0,1854.0,1734.6339533740538,2757.0,2897.0,3365.0,3996.0,1975.0,254.0,5055.9246655254265,1558.0,1964.0,1805.0,379.0,9.0,6.0,0.0,0.0,32.0,2015-09-06
3124.0,2838.0,3496.0,998.0,1855.6271578155154,2982.6419681991274,1147.0,1258.0,1307.0,943.776530588726,3004.0,2754.0,2496.0,3603.0,1630.0,216.0,4490.42885768043,1245.0,1851.0,1413.0,245.0,9.0,7.0,0.0,0.0,57.0,2015-09-07
6194.0,3953.0,5815.0,2786.0,3908.8422956950153,7015.888098253288,2202.0,2389.0,4063.0,2674.7913792609434,1727.0,2613.0,3956.0,5395.0,3081.0,651.0,8727.274255412503,2528.0,3118.0,4976.0,595.0,9.0,8.0,0.0,0.0,31.0,2015-09-08
5792.0,3592.0,5132.0,2696.0,3651.4412462101127,6642.053014596326,2010.0,2154.0,3844.0,2015.8784403557147,1307.0,2201.0,3655.0,4798.0,2797.0,729.0,8584.780659566397,2648.0,3099.0,4718.0,666.0,9.0,9.0,0.0,0.0,50.0,2015-09-09
6886.0,4673.0,6366.0,3049.0,4364.706509776654,7737.037009768414,2460.0,2683.0,4414.0,3062.876983741964,2232.0,3070.0,4507.0,6333.0,3492.0,781.0,8315.585588636726,3083.0,2498.0,5596.0,708.0,9.0,10.0,0.0,0.0,31.0,2015-09-10
6787.0,4633.0,6326.0,2780.0,4188.268940747012,7303.96938832946,2336.0,2683.0,4087.0,2576.4674934274008,2143.0,2932.0,4642.0,6284.0,3512.0,671.0,8759.417348613344,3109.0,3291.0,4751.0,605.0,9.0,11.0,0.0,0.0,31.0,2015-09-11
1641.0,1479.0,1748.0,836.0,1071.1126666416815,1923.8750440392396,618.0,540.0,860.0,1312.3676597051117,667.0,1114.0,1906.0,2303.0,672.0,109.0,2986.3798695171404,1039.0,1340.0,1012.0,97.0,9.0,12.0,1.1,0.0,41.0,2015-09-12
857.0,788.0,965.0,335.0,640.8566991856312,1128.8262653699721,342.0,239.0,713.0,1576.2853446387508,368.0,726.0,1322.0,1491.0,337.0,75.0,2224.632181866463,646.0,801.0,611.0,85.0,9.0,13.0,0.3,0.0,44.0,2015-09-13
2564.0,1755.0,2593.0,1509.0,1819.7309812193187,3372.4028337591076,1085.0,901.0,2008.0,2063.2095860811987,559.0,1102.0,2162.0,2755.0,1231.0,301.0,4728.984078008905,1314.0,1736.0,2375.0,254.0,9.0,14.0,0.3,0.0,43.0,2015-09-14
6763.0,4553.0,6233.0,3283.0,4297.832497631337,7578.042522140495,2423.0,2620.0,4452.0,3271.3738493148885,2478.0,3019.0,4713.0,5849.0,3288.0,748.0,8923.361211759995,3213.0,3121.0,5416.0,564.0,9.0,15.0,0.0,0.0,33.0,2015-09-15
6810.0,4487.0,6562.0,3122.0,4399.790418008438,7715.35355546416,2481.0,2670.0,4396.0,2794.187224856967,2485.0,2964.0,4847.0,5897.0,3394.0,690.0,9475.05139373379,3057.0,3278.0,5438.0,729.0,9.0,16.0,0.0,0.0,32.0,2015-09-16
6652.0,4566.0,6322.0,2991.0,4238.25306925736,7522.419029109307,2490.0,2560.0,4263.0,2539.7950260471152,2152.0,2855.0,4687.0,5939.0,3232.0,732.0,9300.604032312696,3029.0,3293.0,5198.0,638.0,9.0,17.0,0.0,0.0,39.0,2015-09-17
6391.0,4534.0,6242.0,2490.0,4182.600453916135,7114.1146993080565,2244.0,2553.0,4025.0,2607.0882097270005,2211.0,2563.0,4715.0,5929.0,3254.0,698.0,9143.32006500477,2761.0,3155.0,4939.0,681.0,9.0,18.0,0.0,0.0,32.0,2015-09-18
3337.0,2897.0,3425.0,1157.0,2150.8039433881004,3415.1049544268926,1159.0,1165.0,1730.0,1598.1593138338667,2043.0,1878.0,3184.0,3942.0,1480.0,246.0,5250.570766393554,1563.0,2076.0,1868.0,332.0,9.0,19.0,0.0,0.0,57.0,2015-09-19
3042.0,3070.0,2591.0,1252.0,1821.5076301767738,3189.505177915375,1083.0,1059.0,1706.0,1905.5105414851068,1437.0,3001.0,3730.0,4231.0,1482.0,219.0,4133.980983066258,1629.0,2071.0,1757.0,202.0,9.0,20.0,4.2,0.0,44.0,2015-09-20
5371.0,3768.0,5474.0,2885.0,3778.617821625565,6672.429859230853,2185.0,2305.0,4059.0,3166.226980937714,1717.0,2321.0,4149.0,5257.0,2841.0,729.0,8019.21660588566,2590.0,2673.0,4886.0,629.0,9.0,21.0,3.8,0.0,31.0,2015-09-21
6228.0,4094.0,6096.0,2996.0,4096.470312623646,7263.987035589073,2397.0,2509.0,4270.0,3016.545291941869,1911.0,2728.0,4521.0,5678.0,3159.0,687.0,8609.42032511942,2766.0,2878.0,5159.0,681.0,9.0,22.0,1.3,0.0,31.0,2015-09-22
6279.0,4300.0,5959.0,3107.0,4188.025291300723,7303.987117965986,2334.0,2544.0,4294.0,3363.933236144415,1937.0,2701.0,4688.0,6181.0,3160.0,720.0,8365.11936717163,2748.0,2875.0,5259.0,686.0,9.0,23.0,0.0,0.0,32.0,2015-09-23
6520.0,3921.0,5690.0,2912.0,4015.0196525720876,7146.7282917016255,2282.0,2226.0,4247.0,2951.011734560887,1608.0,2491.0,4416.0,5460.0,2919.0,670.0,8522.045764894123,2851.0,2792.0,5066.0,646.0,9.0,24.0,3.3,0.0,41.0,2015-09-24
5191.0,3215.0,4756.0,1990.0,3196.6966419593673,6425.79290627529,1896.0,1771.0,3439.0,0.0,1298.0,2014.0,3713.0,4717.0,2230.0,568.0,8493.979820962371,2487.0,2655.0,4325.0,532.0,9.0,25.0,6.9,0.0,32.0,2015-09-25
3155.0,2834.0,3170.0,1062.0,2122.620835350219,3382.968740108416,1103.0,1020.0,1592.0,1251.0,1827.0,1782.0,3090.0,3960.0,1299.0,241.0,5226.243550523568,1453.0,1902.0,1795.0,254.0,9.0,26.0,6.5,0.0,31.0,2015-09-26
3325.0,3161.0,3717.0,1162.0,2384.542055944371,3473.6461285906576,1158.0,1261.0,1698.0,1713.0,2719.0,2484.0,3706.0,4230.0,1616.0,199.0,5498.0,1377.0,2103.0,1786.0,209.0,9.0,27.0,3.5,0.0,32.0,2015-09-27
4313.0,2537.0,3869.0,2154.0,3443.9066301305484,5382.727692083914,1662.0,1577.0,3164.0,3131.0,1063.0,1711.0,2827.0,3711.0,1935.0,468.0,7382.0,2023.0,2163.0,3903.0,584.0,9.0,28.0,0.1,0.0,39.0,2015-09-28
3318.0,1782.0,3012.0,1677.0,2524.375254367661,4237.60232126972,1281.0,1122.0,2439.0,2423.0,578.0,1187.0,2361.0,3101.0,1427.0,312.0,5662.0,1510.0,1721.0,3066.0,394.0,9.0,29.0,0.0,0.0,44.0,2015-09-29
2829.0,1667.0,2520.0,1477.0,2226.669592879417,3741.794729308835,997.0,878.0,2242.0,2245.0,403.0,1063.0,2100.0,2618.0,1163.0,322.0,5515.0,1404.0,1639.0,2726.0,269.0,9.0,30.0,8.2,0.0,56.0,2015-09-30
4950.0,2896.0,4352.0,2189.0,3504.8224704702434,5508.1437003451865,1695.0,1744.0,3423.0,3335.0,1091.0,1946.0,3425.0,4349.0,2128.0,516.0,7388.0,2216.0,2435.0,3712.0,496.0,10.0,1.0,8.7,0.0,46.0,2015-10-01
4092.0,2706.0,3929.0,1761.0,2926.411919185867,4942.4764292893815,1541.0,1379.0,2878.0,2755.0,916.0,1774.0,3152.0,4284.0,1882.0,469.0,6178.0,2076.0,2133.0,3523.0,432.0,10.0,2.0,9.5,0.0,54.0,2015-10-02
2019.0,1975.0,2190.0,800.0,1325.0537164153477,2457.2390603583185,781.0,537.0,1255.0,1233.0,721.0,880.0,2555.0,3117.0,684.0,135.0,3936.0,1202.0,1547.0,1353.0,163.0,10.0,3.0,9.9,0.0,50.0,2015-10-03
1962.0,1938.0,2095.0,798.0,1124.303428000528,2241.30372111183,845.0,640.0,1191.0,1142.0,1070.0,1179.0,2295.0,2753.0,805.0,131.0,3529.0,988.0,1300.0,1207.0,147.0,10.0,4.0,8.9,0.0,31.0,2015-10-04
4365.0,2575.0,4056.0,2175.0,3083.677438268661,5343.221801009242,1736.0,1630.0,3261.0,3123.0,1013.0,1735.0,3060.0,4025.0,1985.0,505.0,6417.0,2067.0,2043.0,4075.0,518.0,10.0,5.0,7.9,0.0,31.0,2015-10-05
4986.0,2900.0,4566.0,2224.0,3480.9885796489953,5722.609178227021,1815.0,1724.0,3411.0,3287.0,1291.0,2046.0,3286.0,4601.0,2140.0,578.0,6794.0,2179.0,2112.0,4211.0,527.0,10.0,6.0,4.8,0.0,35.0,2015-10-06
4943.0,3021.0,4555.0,2314.0,3442.0294965272997,5667.718270887697,1769.0,1761.0,3360.0,3330.0,1184.0,1962.0,3393.0,4493.0,1935.0,564.0,7022.0,2202.0,2260.0,4206.0,533.0,10.0,7.0,5.0,0.0,43.0,2015-10-07
4710.0,2943.0,4466.0,2126.0,3271.86556853216,5539.648924528385,1786.0,1656.0,3320.0,3209.0,928.0,1810.0,3355.0,4335.0,2031.0,514.0,6786.0,2129.0,2026.0,4115.0,523.0,10.0,8.0,10.0,0.0,31.0,2015-10-08
1538.0,938.0,1486.0,682.0,727.2348784721732,1965.9053900407644,574.0,477.0,1311.0,1283.0,160.0,566.0,1367.0,1872.0,642.0,191.0,2805.0,932.0,1057.0,1421.0,156.0,10.0,9.0,11.3,0.0,32.0,2015-10-09
1653.0,1437.0,1904.0,571.0,1018.0178245507084,1961.7757044092373,571.0,488.0,982.0,955.0,811.0,999.0,2043.0,2384.0,659.0,159.0,3155.0,966.0,1204.0,1094.0,124.0,10.0,10.0,11.7,0.0,41.0,2015-10-10
1574.0,1436.0,1733.0,585.0,653.1196378850243,1692.7720842554631,567.0,492.0,899.0,876.0,685.0,1010.0,1811.0,2121.0,644.0,126.0,2643.0,787.0,1015.0,936.0,139.0,10.0,11.0,5.2,0.0,48.0,2015-10-11
2592.0,2611.0,3105.0,1029.0,1780.1941730183419,2713.791975796688,1058.0,1194.0,1405.0,1367.0,2664.0,2198.0,3013.0,3561.0,1518.0,223.0,4086.0,1051.0,1437.0,1220.0,213.0,10.0,12.0,0.2,0.0,35.0,2015-10-12
3457.0,1767.0,3065.0,1500.0,2278.855572346485,4058.27954170132,1286.0,1178.0,2477.0,2425.0,557.0,1257.0,2249.0,3125.0,1457.0,362.0,4993.0,1507.0,1460.0,2965.0,410.0,10.0,13.0,3.0,0.0,48.0,2015-10-13
4321.0,2407.0,3875.0,1909.0,3013.34106856334,5052.307184437477,1501.0,1417.0,3100.0,3041.0,719.0,1563.0,2895.0,3667.0,1836.0,530.0,6346.0,1748.0,1801.0,3924.0,454.0,10.0,14.0,9.3,0.0,54.0,2015-10-14
3583.0,2047.0,3274.0,1484.0,2866.471355191794,4385.930749253519,1075.0,1040.0,2530.0,2489.0,501.0,1221.0,2369.0,3169.0,1422.0,379.0,6386.0,1670.0,1583.0,3043.0,394.0,10.0,15.0,9.9,0.0,54.0,2015-10-15
3424.0,2031.0,3144.0,1294.0,2497.1848271639838,4071.225153929888,1187.0,966.0,2406.0,2322.0,600.0,1092.0,2568.0,3271.0,1317.0,443.0,5665.0,1598.0,1698.0,2984.0,331.0,10.0,16.0,9.8,0.0,57.0,2015-10-16
963.0,1037.0,1167.0,370.0,389.6796570821514,1136.1882121770727,326.0,293.0,699.0,1455.0,129.0,409.0,1286.0,1493.0,329.0,59.0,2241.0,615.0,853.0,726.0,87.0,10.0,17.0,15.9,1.0,59.0,2015-10-17
1062.0,1057.0,1306.0,423.0,578.6099186348156,1466.1912411356466,338.0,324.0,782.0,763.0,252.0,574.0,1436.0,1627.0,422.0,60.0,2832.0,635.0,887.0,815.0,89.0,10.0,18.0,17.8,0.0,35.0,2015-10-18
2717.0,1752.0,2555.0,955.0,1951.1588868195406,3443.3001698140897,1027.0,910.0,2119.0,2092.0,445.0,1018.0,1981.0,3045.0,1152.0,344.0,4782.0,1295.0,1411.0,2529.0,352.0,10.0,19.0,15.7,0.0,46.0,2015-10-19
3750.0,2280.0,3568.0,1322.0,2728.2600764781673,4605.256805207708,1550.0,1276.0,2799.0,2730.0,832.0,1511.0,2550.0,3460.0,1561.0,398.0,6260.0,1632.0,1755.0,3427.0,397.0,10.0,20.0,5.8,0.0,59.0,2015-10-20
3717.0,2258.0,3465.0,1391.0,2561.6057867813415,4377.048278559158,1273.0,1208.0,2774.0,2728.0,709.0,1441.0,2556.0,3546.0,1561.0,394.0,5964.0,1717.0,1789.0,3198.0,383.0,10.0,21.0,12.7,0.0,31.0,2015-10-21
3207.0,1723.0,2909.0,1093.0,2008.509777105149,3592.4143733538062,1023.0,849.0,2191.0,2154.0,468.0,1046.0,2202.0,2925.0,1173.0,333.0,4946.0,1317.0,1505.0,2677.0,333.0,10.0,22.0,7.8,0.0,63.0,2015-10-22
3142.0,2034.0,3048.0,1129.0,2329.9857836167403,3868.1378425836433,1088.0,1340.0,2307.0,2271.0,569.0,1192.0,2343.0,3254.0,1311.0,364.0,5416.0,1526.0,1614.0,2722.0,345.0,10.0,23.0,14.1,0.0,39.0,2015-10-23
1491.0,1434.0,1750.0,594.0,852.2930613024312,1888.8920401832129,556.0,536.0,1015.0,1015.0,465.0,843.0,1888.0,2273.0,533.0,101.0,3213.0,871.0,1201.0,1026.0,117.0,10.0,24.0,12.7,0.0,56.0,2015-10-24
890.0,971.0,1009.0,448.0,165.58934072877855,1176.0160193834624,344.0,342.0,646.0,629.0,174.0,380.0,1141.0,1462.0,327.0,65.0,2107.0,528.0,805.0,725.0,81.0,10.0,25.0,9.1,0.0,54.0,2015-10-25
3012.0,1930.0,2931.0,1369.0,2375.555838490117,3959.1617074111923,1114.0,1074.0,2379.0,2372.0,611.0,1201.0,2141.0,3099.0,1368.0,402.0,5484.0,1505.0,1540.0,2940.0,393.0,10.0,26.0,14.8,0.0,37.0,2015-10-26
3301.0,2110.0,3222.0,1491.0,2347.0576821786617,4189.50955793588,1216.0,1180.0,2737.0,2701.0,761.0,1339.0,2367.0,3381.0,1511.0,385.0,5706.0,1626.0,1773.0,3184.0,422.0,10.0,27.0,14.3,0.0,31.0,2015-10-27
1733.0,999.0,1643.0,830.0,1015.8050084489898,2401.9501382258563,653.0,631.0,1512.0,1495.0,200.0,581.0,1301.0,1909.0,749.0,174.0,3367.0,956.0,1050.0,1868.0,230.0,10.0,28.0,12.7,0.0,48.0,2015-10-28
2249.0,1233.0,2014.0,1043.0,1360.919523349625,2847.3617022025405,789.0,765.0,1876.0,1825.0,230.0,638.0,1671.0,2272.0,861.0,265.0,4024.0,1076.0,1292.0,2170.0,275.0,10.0,29.0,7.1,0.0,83.0,2015-10-29
2630.0,1746.0,2632.0,1212.0,1873.0346692344876,3483.4493363924526,991.0,960.0,2160.0,2121.0,468.0,1079.0,2127.0,2913.0,1133.0,328.0,4869.0,1450.0,1638.0,2593.0,322.0,10.0,30.0,14.4,0.0,56.0,2015-10-30
1396.0,1347.0,1557.0,478.0,711.4072910846664,1707.1937878732924,506.0,490.0,913.0,896.0,418.0,666.0,1541.0,2049.0,486.0,113.0,3078.0,867.0,1178.0,937.0,103.0,10.0,31.0,15.5,0.0,31.0,2015-10-31
529.0,644.0,715.0,227.0,0.0,734.2813267590598,218.0,218.0,459.0,461.0,41.0,219.0,723.0,1111.0,179.0,43.0,1554.0,410.0,611.0,446.0,50.0,11.0,1.0,8.8,0.0,70.0,2015-11-01
3177.0,1975.0,2912.0,1457.0,2251.3809379401264,3979.451953623329,1136.0,1096.0,2455.0,2380.0,571.0,1124.0,2228.0,3198.0,1364.0,351.0,5253.0,1472.0,1434.0,2985.0,451.0,11.0,2.0,10.0,0.0,41.0,2015-11-02
3738.0,2279.0,3378.0,1558.0,2667.242711127894,4441.660545596693,1285.0,1242.0,2630.0,2641.0,785.0,1264.0,2502.0,3511.0,1533.0,396.0,5939.0,1678.0,1742.0,3316.0,441.0,11.0,3.0,7.9,0.0,35.0,2015-11-03
3757.0,2351.0,3464.0,1704.0,2716.5757827858606,4483.751312963066,1334.0,1296.0,2747.0,2837.0,809.0,1341.0,2482.0,3584.0,1606.0,399.0,6079.0,1735.0,1823.0,3184.0,381.0,11.0,4.0,10.5,0.0,31.0,2015-11-04
3774.0,2407.0,3513.0,1694.0,2750.175913511118,4551.710525727494,1334.0,1293.0,2820.0,3072.0,804.0,1299.0,2426.0,3590.0,1537.0,372.0,6258.0,1772.0,1855.0,3313.0,375.0,11.0,5.0,7.3,0.0,31.0,2015-11-05
2613.0,1477.0,2334.0,1025.0,1907.3856574041645,3115.4996854746764,879.0,853.0,1935.0,2395.0,301.0,701.0,2130.0,2675.0,1016.0,271.0,4522.0,1205.0,1430.0,2234.0,309.0,11.0,6.0,3.3,0.0,70.0,2015-11-06
1879.0,1481.0,1838.0,595.0,635.3003145881644,1810.246325002433,606.0,593.0,1076.0,1326.0,491.0,707.0,1719.0,2251.0,590.0,120.0,2688.0,923.0,1215.0,1163.0,124.0,11.0,7.0,11.2,0.0,46.0,2015-11-07
1240.0,1254.0,1470.0,514.0,661.9286859769111,1305.8011302427858,452.0,436.0,787.0,2121.0,334.0,566.0,1301.0,1920.0,367.0,79.0,2302.0,704.0,989.0,812.0,95.0,11.0,8.0,14.9,0.0,41.0,2015-11-08
2972.0,1855.0,2857.0,1327.0,1888.575404286583,3347.142046195695,1076.0,1043.0,2360.0,3604.0,500.0,1055.0,2370.0,3005.0,1226.0,321.0,4057.0,1500.0,1376.0,2758.0,377.0,11.0,9.0,11.2,0.0,43.0,2015-11-09
3385.0,2006.0,3018.0,1491.0,1984.2173583684573,3663.0,1201.0,1164.0,2508.0,3772.0,671.0,1144.0,2435.0,3293.0,1449.0,336.0,4214.0,1638.0,1640.0,3002.0,377.0,11.0,10.0,11.6,0.0,32.0,2015-11-10
3044.0,1931.0,2828.0,1393.0,2183.392568561585,3603.0,1754.0,1142.0,2342.0,3997.0,458.0,950.0,2328.0,3280.0,1210.0,338.0,4065.0,1534.0,1527.0,2860.0,356.0,11.0,11.0,10.6,0.0,31.0,2015-11-11
1751.0,930.0,1670.0,888.0,789.527060921351,2048.0,700.0,675.0,1566.0,2945.0,152.0,467.0,1345.0,1877.0,755.0,180.0,2336.0,960.0,955.0,1777.0,198.0,11.0,12.0,8.9,0.0,63.0,2015-11-12
1818.0,906.0,1711.0,873.0,714.6804459257271,2115.0,634.0,477.0,1522.0,1693.0,150.0,482.0,1416.0,1980.0,719.0,204.0,2628.0,978.0,1040.0,1727.0,258.0,11.0,13.0,12.8,0.0,48.0,2015-11-13
979.0,759.0,978.0,322.0,258.7716189404114,1112.0,290.0,310.0,601.0,604.0,98.0,266.0,1061.0,1448.0,269.0,70.0,1876.0,640.0,805.0,737.0,73.0,11.0,14.0,16.0,0.0,50.0,2015-11-14
913.0,749.0,1028.0,348.0,100.94453670613461,1128.0,303.0,224.0,666.0,663.0,224.0,380.0,1094.0,1491.0,321.0,64.0,1913.0,537.0,804.0,685.0,63.0,11.0,15.0,14.0,0.0,39.0,2015-11-15
